-- phpMyAdmin SQL Dump
-- version 3.4.10.1deb1
-- http://www.phpmyadmin.net
--
-- Servidor: localhost
-- Tempo de Geração: 10/07/2017 às 10h58min
-- Versão do Servidor: 5.5.54
-- Versão do PHP: 5.3.10-1ubuntu3.26

SET SQL_MODE="NO_AUTO_VALUE_ON_ZERO";
SET time_zone = "+00:00";


/*!40101 SET @OLD_CHARACTER_SET_CLIENT=@@CHARACTER_SET_CLIENT */;
/*!40101 SET @OLD_CHARACTER_SET_RESULTS=@@CHARACTER_SET_RESULTS */;
/*!40101 SET @OLD_COLLATION_CONNECTION=@@COLLATION_CONNECTION */;
/*!40101 SET NAMES utf8 */;

--
-- Banco de Dados: `gerenciador`
--

-- --------------------------------------------------------

--
-- Estrutura da tabela `acessos`
--

CREATE TABLE IF NOT EXISTS `acessos` (
  `id` int(2) NOT NULL AUTO_INCREMENT,
  `acesso` varchar(50) DEFAULT NULL,
  `codgrupo` int(2) DEFAULT NULL,
  `link` varchar(100) DEFAULT NULL,
  `created_at` datetime DEFAULT NULL,
  `updated_at` datetime DEFAULT NULL,
  PRIMARY KEY (`id`)
) ENGINE=InnoDB  DEFAULT CHARSET=latin1 AUTO_INCREMENT=111 ;

--
-- Extraindo dados da tabela `acessos`
--

INSERT INTO `acessos` (`id`, `acesso`, `codgrupo`, `link`, `created_at`, `updated_at`) VALUES
(1, 'GTA', 2, 'http://rs.gta-travel.com/Home.jsp;jsessionid=811F8EFB456CF05CEF386546E2C3BF71.01FJW', '2017-07-07 10:40:00', '2017-07-07 10:40:00'),
(2, 'Avianca', 2, 'https://agencias.avianca.com.br/', '2017-07-07 10:40:00', '2017-07-07 10:40:00'),
(3, 'Team Americany', 2, 'http://dream.teamamericany.com/', '2017-07-07 10:40:00', '2017-07-07 10:40:00'),
(4, 'Hotel Beds', 2, 'http://www.hotelbeds.com/public/index', '2017-07-07 10:40:00', '2017-07-07 10:40:00'),
(5, 'Special Tours', 2, 'https://cuentas.specialtours.com/?usertype=SptCliente&continue=https%3A%2F%2Fwww.specialtours.com%2F', '2017-07-07 10:40:00', '2017-07-07 10:40:00'),
(6, 'Kaluah', 2, 'http://www.kaluahtours.com/', '2017-07-07 10:40:00', '2017-07-07 10:40:00'),
(7, 'Gowaii', 2, 'http://www.gowaii.com.br/cliente/login.aspx', '2017-07-07 10:40:00', '2017-07-07 10:40:00'),
(8, 'Hertz', 2, 'http://www.hertz-int.com.br/Login.aspx', '2017-07-07 10:40:00', '2017-07-07 10:40:00'),
(9, 'Interep', 2, 'https://www.interep.com.br/Hotel/', '2017-07-07 10:40:00', '2017-07-07 10:40:00'),
(10, 'Servidores', 1, '', '2017-07-07 10:40:00', '2017-07-07 10:40:00'),
(11, 'Skype', 1, '', '2017-07-07 10:40:00', '2017-07-07 10:40:00'),
(12, 'Sato Tours', 2, 'http://www.satotours.at/webmanager/view.php?dirid=6', '2017-07-07 10:40:00', '2017-07-07 10:40:00'),
(13, 'Azul', 8, 'http://agencias.voeazul.com.br/PortalB2B/', '2017-07-07 10:40:00', '2017-07-07 10:40:00'),
(14, 'Panavision', 2, 'http://www.panavision-tours.com.br/rol2/fwdAgencias.do?ame=S&BR=S', '2017-07-07 10:40:00', '2017-07-07 10:40:00'),
(15, 'Coris', 2, 'http://www.coris-emissoes.com.br/site_v6/home/default.asp', '2017-07-07 10:40:00', '2017-07-07 10:40:00'),
(16, 'Pullmantur', 2, 'https://www.pullmantur.com.br/pt/web/pullmanturbr/login', '2017-07-07 10:40:00', '2017-07-07 10:40:00'),
(17, 'Costa', 2, 'https://www.costacruisemanager.com.br/#', '2017-07-07 10:40:00', '2017-07-07 10:40:00'),
(18, 'Melia Pro', 2, 'http://www.melia.com/meliapro', '2017-07-07 10:40:00', '2017-07-07 10:40:00'),
(19, 'Wamos', 2, 'http://www.wamos.com/es/agencias/acceso/', '2017-07-07 10:40:00', '2017-07-07 10:40:00'),
(20, 'Hotel Riu', 2, 'https://www.riuagents.com/agents/en/home.jsp', '2017-07-07 10:40:00', '2017-07-07 10:40:00'),
(21, 'Nortravel', 2, 'http://www.nortravel.pt/optitravel/online/www/layout15/index.php', '2017-07-07 10:40:00', '2017-07-07 10:40:00'),
(22, 'City Tours(Antigo)', 2, 'http://www.hotelcenter-usa.com/HotelCenter-USA/CTOnline/ctonline_index.jsp', '2017-07-07 10:40:00', '2017-07-07 10:40:00'),
(23, 'City Tours(Novo)', 2, 'http://www.ct-res.com/Autenticacao/login.aspx', '2017-07-07 10:40:00', '2017-07-07 10:40:00'),
(24, 'Grayline Equador', 2, 'http://www.graylineecuador.travel/cliente/login.aspx', '2017-07-07 10:40:00', '2017-07-07 10:40:00'),
(25, 'Gema Tours', 2, 'http://www.gematours.com/agencia.php?la=es', '2017-07-07 10:40:00', '2017-07-07 10:40:00'),
(26, 'Cynsa', 2, 'http://cynsa.net/login.php', '2017-07-07 10:40:00', '2017-07-07 10:40:00'),
(27, 'Abreu Online EUR', 2, 'http://abreuonline.com.br/Default.aspx', '2017-07-07 10:40:00', '2017-07-07 10:40:00'),
(28, 'Abreu Online USD', 2, 'http://www.abreuonline.com/Default.aspx', '2017-07-07 10:40:00', '2017-07-07 10:40:00'),
(29, 'Email', 1, 'https://webmail-seguro.com.br/uneworld.com.br/', '2017-07-07 10:40:00', '2017-07-07 10:40:00'),
(30, 'Wifi', 1, '', '2017-07-07 10:40:00', '2017-07-07 10:40:00'),
(31, 'Locaweb', 1, 'http://www.locaweb.com.br/default.html', '2017-07-07 10:40:00', '2017-07-07 10:40:00'),
(32, 'NSZ', 1, 'www.nsz.com.br/suporte', '2017-07-07 10:40:00', '2017-07-07 10:40:00'),
(33, 'Bitbucket', 1, 'https://bitbucket.org/', '2017-07-07 10:40:00', '2017-07-07 10:40:00'),
(34, 'Kanbanflow', 1, 'https://kanbanflow.com/', '2017-07-07 10:40:00', '2017-07-07 10:40:00'),
(35, 'Login', 7, '', '2017-07-07 10:40:00', '2017-07-07 10:40:00'),
(36, 'Instagram', 3, 'https://instagram.com/accounts/login/', '2017-07-07 10:40:00', '2017-07-07 10:40:00'),
(37, 'Apple ID', 3, 'https://appleid.apple.com/', '2017-07-07 10:40:00', '2017-07-07 10:40:00'),
(38, 'SIGU', 7, '', '2017-07-07 10:40:00', '2017-07-07 10:40:00'),
(39, 'Galileo', 9, '', '2017-07-07 10:40:00', '2017-07-07 10:40:00'),
(40, 'GOL', 8, 'http://www.voegol.com.br/pt-br/agencias/paginas/home.aspx', '2017-07-07 10:40:00', '2017-07-07 10:40:00'),
(41, 'Clipper Travel', 2, 'https://secure.espresso.cruisingpower.com/SecureLogin.do?', '2017-07-07 10:40:00', '2017-07-07 10:40:00'),
(42, 'All Ways Travel(Cuba Cruise)', 2, 'http://yourcubacruise.com/cuba-cruise-partners/travel-agents', '2017-07-07 10:40:00', '2017-07-07 10:40:00'),
(43, 'Notebook', 3, '', '2017-07-07 10:40:00', '2017-07-07 10:40:00'),
(44, 'Condor Link', 2, 'http://www.condorlink.com/', '2017-07-07 10:40:00', '2017-07-07 10:40:00'),
(45, 'Trapsatur', 2, 'http://trapsatur.com/index.php', '2017-07-07 10:40:00', '2017-07-07 10:40:00'),
(46, 'Season Travel', 2, 'http://seasonstravel.oristravel.com/index.php', '2017-07-07 10:40:00', '2017-07-07 10:40:00'),
(47, 'GODESTINOS', 2, 'http://www.godestinos.com/pt/', '2017-07-07 10:40:00', '2017-07-07 10:40:00'),
(48, 'Surland', 2, 'http://www.surland.com/', '2017-07-07 10:40:00', '2017-07-07 10:40:00'),
(49, 'Abreu Online BRL', 2, 'http://abreuonline.com.br/Default.aspx', '2017-07-07 10:40:00', '2017-07-07 10:40:00'),
(50, 'Bitbucket', 1, 'https://bitbucket.org/account/signin/?next=/', '2017-07-07 10:40:00', '2017-07-07 10:40:00'),
(51, 'ADT/SIEMENS', 1, 'http://www.clienteadt.com.br/Portal_Cliente/', '2017-07-07 10:40:00', '2017-07-07 10:40:00'),
(52, 'Domitur', 2, 'http://www.domitur.com/', '2017-07-07 10:40:00', '2017-07-07 10:40:00'),
(53, 'HOTELDO', 2, 'http://www.hoteldo.com.br/', '2017-07-07 10:40:00', '2017-07-07 10:40:00'),
(54, 'Lowcostbeds', 2, 'http://www.lowcostbeds.com/', '2017-07-07 10:40:00', '2017-07-07 10:40:00'),
(55, 'Asco Lotus', 2, 'http://ascolotus.com/Login.aspx', '2017-07-07 10:40:00', '2017-07-07 10:40:00'),
(56, 'Banco de Dados', 1, '', '2017-07-07 10:40:00', '2017-07-07 10:40:00'),
(57, 'Dicas', 1, 'http://www.uneworld.com.br/teste_dicas/sis/index.php?logout', '2017-07-07 10:40:00', '2017-07-07 10:40:00'),
(58, 'Notebook', 1, '', '2017-07-07 10:40:00', '2017-07-07 10:40:00'),
(59, 'Central', 1, '', '2017-07-07 10:40:00', '2017-07-07 10:40:00'),
(60, 'Cangooroo', 2, 'http://uneworld.cangooroo.net/', '2017-07-07 10:40:00', '2017-07-07 10:40:00'),
(61, 'FTP', 1, '', '2017-07-07 10:40:00', '2017-07-07 10:40:00'),
(62, 'Welcome Beds', 2, 'http://www.welcomebeds.com', '2017-07-07 10:40:00', '2017-07-07 10:40:00'),
(63, 'Google', 7, 'www.google.com', '2017-07-07 10:40:00', '2017-07-07 10:40:00'),
(64, 'IATA BSP', 6, 'https://portal.iata.org/ISSP_Login', '2017-07-07 10:40:00', '2017-07-07 10:40:00'),
(65, 'GARTOUR', 2, 'http://www.gartour.it/pt', '2017-07-07 10:40:00', '2017-07-07 10:40:00'),
(66, 'Welcome Tours', 8, 'http://b2b3.tourvestdm.com/', '2017-07-07 10:40:00', '2017-07-07 10:40:00'),
(67, 'Quality Travel Argentina', 2, 'http://www.qualitytravel.tur.ar/', '2017-07-07 10:40:00', '2017-07-07 10:40:00'),
(68, 'Bestbuy Hotel', 2, 'www.bestbuyhotel.com.br', '2017-07-07 10:40:00', '2017-07-07 10:40:00'),
(69, 'Wikipedia', 1, 'http://192.168.0.55/dokuwiki/doku.php', '2017-07-07 10:40:00', '2017-07-07 10:40:00'),
(70, 'Rail Europe', 2, 'http://www.raileurope.com.br/', '2017-07-07 10:40:00', '2017-07-07 10:40:00'),
(71, 'Flycard', 2, 'http://www.flycard.com.br/', '2017-07-07 10:40:00', '2017-07-07 10:40:00'),
(72, 'Costa Click', 2, 'http://www.costaclick.com.br/CostaClick/pt-BR/Pages/default.aspx', '2017-07-07 10:40:00', '2017-07-07 10:40:00'),
(73, 'Firefox', 1, '', '2017-07-07 10:40:00', '2017-07-07 10:40:00'),
(74, 'PostgreSQL', 1, '', '2017-07-07 10:40:00', '2017-07-07 10:40:00'),
(75, 'CTS CHILE', 2, 'http://cts.distantis.com/distantis/ingreso.php', '2017-07-07 10:40:00', '2017-07-07 10:40:00'),
(76, 'Walmart', 6, 'https://www.walmart.com.br/', '2017-07-07 10:40:00', '2017-07-07 10:40:00'),
(77, 'GVT', 1, 'http://192.168.15.1/login.htm', '2017-07-07 10:40:00', '2017-07-07 10:40:00'),
(78, 'Tourico', 2, 'https://login.touricoholidays.com/#', '2017-07-07 10:40:00', '2017-07-07 10:40:00'),
(79, '3COM Switch', 1, 'http://192.168.0.254/', '2017-07-07 10:40:00', '2017-07-07 10:40:00'),
(80, 'Sharaf Tours', 2, 'http://b2b.sharaftours.com/', '2017-07-07 10:40:00', '2017-07-07 10:40:00'),
(81, 'Tasker Braspag', 1, 'https://braspag.tasker.com.br/tasker.dll/T5', '2017-07-07 10:40:00', '2017-07-07 10:40:00'),
(82, 'Hotels Pro', 2, 'http://www.hotelspro.com/new.index.php', '2017-07-07 10:40:00', '2017-07-07 10:40:00'),
(83, 'Jonview', 2, 'https://www.jonview.com/', '2017-07-07 10:40:00', '2017-07-07 10:40:00'),
(84, 'Sharaf Tours', 2, 'http://www.sharaftours.com/', '2017-07-07 10:40:00', '2017-07-07 10:40:00'),
(85, 'Tumlare', 2, 'https://extranet.tumlare.com', '2017-07-07 10:40:00', '2017-07-07 10:40:00'),
(86, 'All Reps', 2, 'www.allrepsreceptivo.com', '2017-07-07 10:40:00', '2017-07-07 10:40:00'),
(87, '6Tours', 2, 'http://www.6tour.com/', '2017-07-07 10:40:00', '2017-07-07 10:40:00'),
(88, 'AbTour para Hotel Online', 2, 'http://juniper.consolidlatinamerica.com/', '2017-07-07 10:40:00', '2017-07-07 10:40:00'),
(89, 'AbTour', 2, 'http://uruguay.abtour.com.uy/', '2017-07-07 10:40:00', '2017-07-07 10:40:00'),
(90, 'ETAM', 2, 'https://fat.e-tam.com.br/fat/html/index_fat.html', '2017-07-07 10:40:00', '2017-07-07 10:40:00'),
(91, 'Royal', 2, 'http://www.cruisingpower.com/', '2017-07-07 10:40:00', '2017-07-07 10:40:00'),
(92, 'MaisFly', 2, 'http://www.maisfly.com.br', '2017-07-07 10:40:00', '2017-07-07 10:40:00'),
(93, 'April Brasil', 2, 'https://www.aprilseguros.com.br/', '2017-07-07 10:40:00', '2017-07-07 10:40:00'),
(94, 'KLM', 2, 'https://www.agentconnect.biz/BR/en/local/process/prehome/connexion.wadis?pays=BR', '2017-07-07 10:40:00', '2017-07-07 10:40:00'),
(95, 'Omnibees', 2, 'http://myportal.omnibees.com/', '2017-07-07 10:40:00', '2017-07-07 10:40:00'),
(96, 'Destinations of the World', 2, 'https://us.dotwconnect.com/interface/en/login', '2017-07-07 10:40:00', '2017-07-07 10:40:00'),
(97, 'Transnordic', 2, 'http://www.transnordictours.dk/pt/tours-and-services-portugisisk/guaranteed-departures-portuguese', '2017-07-07 10:40:00', '2017-07-07 10:40:00'),
(98, 'Quality Travel Argentina', 2, 'http://www.qualitytravel.tur.ar/', '2017-07-07 10:40:00', '2017-07-07 10:40:00');

-- --------------------------------------------------------

--
-- Estrutura da tabela `chamados`
--

CREATE TABLE IF NOT EXISTS `chamados` (
  `id` int(2) NOT NULL AUTO_INCREMENT,
  `status` int(1) DEFAULT NULL,
  `user_id` int(2) NOT NULL,
  `tipo_id` int(11) NOT NULL,
  `created_at` datetime DEFAULT NULL,
  `updated_at` datetime DEFAULT NULL,
  `solucao` longtext,
  `titulo` varchar(45) DEFAULT NULL,
  PRIMARY KEY (`id`),
  KEY `fk_chamados_user1_idx` (`user_id`),
  KEY `fk_chamados_tipo1_idx` (`tipo_id`)
) ENGINE=InnoDB DEFAULT CHARSET=latin1 AUTO_INCREMENT=1 ;

-- --------------------------------------------------------

--
-- Estrutura da tabela `descricao_chamados`
--

CREATE TABLE IF NOT EXISTS `descricao_chamados` (
  `id` int(2) NOT NULL AUTO_INCREMENT,
  `descricao` longtext,
  `chamados_id` int(2) NOT NULL,
  PRIMARY KEY (`id`),
  KEY `fk_descricao_chamados_chamados1_idx` (`chamados_id`)
) ENGINE=InnoDB DEFAULT CHARSET=latin1 AUTO_INCREMENT=1 ;

-- --------------------------------------------------------

--
-- Estrutura da tabela `migrations`
--

CREATE TABLE IF NOT EXISTS `migrations` (
  `id` int(10) unsigned NOT NULL AUTO_INCREMENT,
  `migration` varchar(255) CHARACTER SET utf8mb4 COLLATE utf8mb4_unicode_ci NOT NULL,
  `batch` int(11) NOT NULL,
  PRIMARY KEY (`id`)
) ENGINE=InnoDB DEFAULT CHARSET=latin1 AUTO_INCREMENT=1 ;

-- --------------------------------------------------------

--
-- Estrutura da tabela `senhas`
--

CREATE TABLE IF NOT EXISTS `senhas` (
  `id` int(2) NOT NULL AUTO_INCREMENT,
  `login` varchar(50) DEFAULT NULL,
  `acesso_id` int(2) NOT NULL,
  `pwd` varchar(50) NOT NULL,
  `obs` varchar(100) DEFAULT NULL,
  `visualiza` char(1) DEFAULT NULL,
  `global` char(1) DEFAULT NULL,
  `updated_at` datetime DEFAULT NULL,
  `created_at` datetime DEFAULT NULL,
  `user_id` int(2) NOT NULL,
  PRIMARY KEY (`id`),
  KEY `senha_acesso` (`acesso_id`),
  KEY `fk_senhauser_user1_idx` (`user_id`)
) ENGINE=InnoDB  DEFAULT CHARSET=latin1 AUTO_INCREMENT=704 ;

--
-- Extraindo dados da tabela `senhas`
--

INSERT INTO `senhas` (`id`, `login`, `acesso_id`, `pwd`, `obs`, `visualiza`, `global`, `updated_at`, `created_at`, `user_id`) VALUES
(1, 'fabian@uneworld.com.br', 2, 'D03mo9@15', 'Senha única', 'S', 'S', '2017-07-07 11:10:00', '2017-07-07 11:10:00', 5),
(2, 'VENDAS07', 3, 'RESERVAS07', NULL, 'S', 'S', '2017-07-07 11:10:00', '2017-07-07 11:10:00', 2),
(3, 'VENDAS06', 3, 'RESERVAS06', '', 'S', 'S', '2017-07-07 11:10:00', '2017-07-07 11:10:00', 3),
(4, 'VUNEWORLD1', 4, 'VUN16W07', '', 'S', 'S', '2017-07-07 11:10:00', '2017-07-07 11:10:00', 2),
(5, 'NCENTENO1', 4, 'centeno01', '', 'S', 'S', '2017-07-07 11:10:00', '2017-07-07 11:10:00', 7),
(6, 'vendas07@uneworld.com.br', 8, '170815', '', 'S', 'S', '2017-07-07 11:10:00', '2017-07-07 11:10:00', 2),
(7, 'vendas07', 9, '180915', '', 'S', 'S', '2017-07-07 11:10:00', '2017-07-07 11:10:00', 2),
(15, 'operacional02uneworld', 11, 'd24m06a15', '', 'S', 'S', '2017-07-07 11:10:00', '2017-07-07 11:10:00', 15),
(16, 'FABIAN', 5, 'un383', 'Empresa: Uneworld Operadora', 'S', 'S', '2017-07-07 11:10:00', '2017-07-07 11:10:00', 16),
(17, 'vendas07', 5, '140815', 'Empresa: Uneworld Operadora', 'S', 'S', '2017-07-07 11:10:00', '2017-07-07 11:10:00', 2),
(18, 'vendas06', 5, '140815', 'Empresa: Uneworld Operadora', 'S', 'S', '2017-07-07 11:10:00', '2017-07-07 11:10:00', 3),
(19, 'LILIAN', 5, 'un383', 'Empresa: Uneworld Operadora', 'S', 'S', '2017-07-07 11:10:00', '2017-07-07 11:10:00', 4),
(20, 'SABRINA', 5, 'un383', 'Empresa: Uneworld Operadora', 'S', 'S', '2017-07-07 11:10:00', '2017-07-07 11:10:00', 18),
(21, 'vendas01', 5, 'ger383', 'Empresa: Uneworld Operadora', 'S', 'S', '2017-07-07 11:10:00', '2017-07-07 11:10:00', 12),
(22, 'cruzeiros01', 5, '140815', 'Empresa: Uneworld Operadora', 'S', 'S', '2017-07-07 11:10:00', '2017-07-07 11:10:00', 10),
(23, 'financeiro01', 5, '140815', 'Empresa: Uneworld Operadora', 'S', 'S', '2017-07-07 11:10:00', '2017-07-07 11:10:00', 20),
(24, 'grupos01', 5, '140815', 'Empresa: Uneworld Operadora', 'S', 'S', '2017-07-07 11:10:00', '2017-07-07 11:10:00', 7),
(25, 'operacional04', 5, '140815', 'Empresa: Uneworld Operadora', 'S', 'S', '2017-07-07 11:10:00', '2017-07-07 11:10:00', 9),
(27, 'tarifarios', 5, '140815', 'Empresa: Uneworld Operadora', 'S', 'S', '2017-07-07 11:10:00', '2017-07-07 11:10:00', 13),
(28, 'vendas08', 5, '140815', 'Empresa: Uneworld Operadora', 'S', 'S', '2017-07-07 11:10:00', '2017-07-07 11:10:00', 8),
(29, 'operacional02', 5, '180815', 'Empresa: Uneworld Operadora', 'S', 'S', '2017-07-07 11:10:00', '2017-07-07 11:10:00', 15),
(30, 'administrador', 6, 'l015ZU$', '', 'S', 'S', '2017-07-07 11:10:00', '2017-07-07 11:10:00', 1),
(31, 'fabian.saraiva', 6, 'un383', '', 'S', 'S', '2017-07-07 11:10:00', '2017-07-07 11:10:00', 5),
(32, 'lilians', 6, 'liliansU8', '', 'S', 'S', '2017-07-07 11:10:00', '2017-07-07 11:10:00', 4),
(33, 'sabrina.saraiva', 6, 'un383', '', 'S', 'S', '2017-07-07 11:10:00', '2017-07-07 11:10:00', 18),
(34, 'vendas07.uneworld', 6, '210815', '', 'S', 'S', '2017-07-07 11:10:00', '2017-07-07 11:10:00', 2),
(35, 'grupos01', 6, '190116', '', 'S', 'S', '2017-07-07 11:10:00', '2017-07-07 11:10:00', 7),
(36, 'operacional04', 6, '170815', '', 'S', 'S', '2017-07-07 11:10:00', '2017-07-07 11:10:00', 9),
(37, 'vendas01', 6, '170815', '', 'S', 'S', '2017-07-07 11:10:00', '2017-07-07 11:10:00', 12),
(38, 'operacional02', 6, '221015', '', 'S', 'S', '2017-07-07 11:10:00', '2017-07-07 11:10:00', 15),
(39, 'vendas06', 6, '110915', '', 'S', 'S', '2017-07-07 11:10:00', '2017-07-07 11:10:00', 3),
(41, 'vendas08', 6, '230915', '', 'S', 'S', '2017-07-07 11:10:00', '2017-07-07 11:10:00', 8),
(42, 'tarifarios01', 6, '170815', '', 'S', 'S', '2017-07-07 11:10:00', '2017-07-07 11:10:00', 13),
(43, 'informatica@uneworld.com.br', 8, 'l015ZU$', '', 'S', 'S', '2017-07-07 11:10:00', '2017-07-07 11:10:00', 1),
(44, 'lilian@uneworld.com.br', 8, 'un383', '', 'S', 'S', '2017-07-07 11:10:00', '2017-07-07 11:10:00', 4),
(45, 'operacional04@uneworld.com.br', 8, '170815', '', 'S', 'S', '2017-07-07 11:10:00', '2017-07-07 11:10:00', 9),
(46, 'vendas01@uneworld.com.br', 8, 'ger383', '', 'S', 'S', '2017-07-07 11:10:00', '2017-07-07 11:10:00', 12),
(47, 'vendas06@uneworld.com.br', 8, '170815', '', 'S', 'S', '2017-07-07 11:10:00', '2017-07-07 11:10:00', 3),
(48, 'tarifarios@uneworld.com.br', 8, '170815', '', 'S', 'S', '2017-07-07 11:10:00', '2017-07-07 11:10:00', 13),
(50, 'grupos01@uneworld.com.br', 8, '170815', '', 'S', 'S', '2017-07-07 11:10:00', '2017-07-07 11:10:00', 7),
(51, 'vendas09@uneworld.com.br', 8, '170815', '', 'S', 'S', '2017-07-07 11:10:00', '2017-07-07 11:10:00', 23),
(52, 'operacional02@uneworld.com.br', 8, '170815', '', 'S', 'S', '2017-07-07 11:10:00', '2017-07-07 11:10:00', 15),
(53, 'fabian@uneworld.com.br', 8, 'un383', '', 'S', 'S', '2017-07-07 11:10:00', '2017-07-07 11:10:00', 5),
(54, 'sabrina@uneworld.com.br', 8, 'un383', '', 'S', 'S', '2017-07-07 11:10:00', '2017-07-07 11:10:00', 18),
(55, 'LSARAIVA', 4, 'd12m05a16', '', 'S', 'S', '2017-07-07 11:10:00', '2017-07-07 11:10:00', 4),
(56, 'VUNEWORLD3', 4, 'VUN11W', '', 'S', 'S', '2017-07-07 11:10:00', '2017-07-07 11:10:00', 8),
(57, 'VUNEWORLD', 4, 'VUN12W', '', 'S', 'S', '2017-07-07 11:10:00', '2017-07-07 11:10:00', 12),
(58, 'AUNEWORLD', 4, 'jt112014', '', 'S', 'S', '2017-07-07 11:10:00', '2017-07-07 11:10:00', 1),
(59, 'FSARAIVA', 4, 'D20M07A2016', '', 'S', 'S', '2017-07-07 11:10:00', '2017-07-07 11:10:00', 5),
(60, 'SSARAIVA', 4, 'D20M07A2016', '', 'S', 'S', '2017-07-07 11:10:00', '2017-07-07 11:10:00', 18),
(61, 'CUNEWORLD', 4, 'd23m09a15', '', 'S', 'S', '2017-07-07 11:10:00', '2017-07-07 11:10:00', 6),
(62, 'TUNEWORLD ', 4, 'vivian84', '', 'S', 'S', '2017-07-07 11:10:00', '2017-07-07 11:10:00', 13),
(63, 'CUNEWORLD2', 4, 'CUN59W', '', 'S', 'S', '2017-07-07 11:10:00', '2017-07-07 11:10:00', 10),
(64, '03307235028', 13, 'D01M07A2016', 'Login de aprovador.', 'S', 'S', '2017-07-07 11:10:00', '2017-07-07 11:10:00', 1),
(65, '02511075075', 13, '06072016', 'Entrar uma vez na semana, caso contrário login é bloqueado.', 'S', 'S', '2017-07-07 11:10:00', '2017-07-07 11:10:00', 27),
(66, '00492269084', 13, '03032016', 'Entrar uma vez na semana, caso contrário login é bloqueado.', 'S', 'S', '2017-07-07 11:10:00', '2017-07-07 11:10:00', 23),
(67, 'uneworld', 9, 'l015ZU$', '', 'S', 'S', '2017-07-07 11:10:00', '2017-07-07 11:10:00', 5),
(68, 'financeiro01', 9, '241115', '', 'S', 'S', '2017-07-07 11:10:00', '2017-07-07 11:10:00', 20),
(69, 'operacional04', 9, '271115', '', 'S', 'S', '2017-07-07 11:10:00', '2017-07-07 11:10:00', 9),
(70, 'vendas08', 9, '301115', '', 'S', 'S', '2017-07-07 11:10:00', '2017-07-07 11:10:00', 8),
(73, 'vendas06', 9, '97078427', '', 'S', 'S', '2017-07-07 11:10:00', '2017-07-07 11:10:00', 3),
(74, 'informatica@uneworld.com.br', 14, '2305', '', 'S', 'S', '2017-07-07 11:10:00', '2017-07-07 11:10:00', 4),
(76, 'operacional04', 14, '220915', '', 'S', 'S', '2017-07-07 11:10:00', '2017-07-07 11:10:00', 9),
(77, 'sabrina@uneworld.com.br', 7, 'Uneworld15', '', 'S', 'S', '2017-07-07 11:10:00', '2017-07-07 11:10:00', 18),
(78, 'informatica@uneworld.com.br', 7, 'Primavera2015', '', 'S', 'S', '2017-07-07 11:10:00', '2017-07-07 11:10:00', 1),
(79, 'vendas07@uneworld.com.br', 7, 'D20M07@16', '', 'S', 'S', '2017-07-07 11:10:00', '2017-07-07 11:10:00', 2),
(80, 'cruzeiros01@uneworld.com.br', 7, 'Une2015', '', 'S', 'S', '2017-07-07 11:10:00', '2017-07-07 11:10:00', 6),
(81, 'cruzeiros01@uneworld.com.br', 7, 'Une2015', '', 'S', 'S', '2017-07-07 11:10:00', '2017-07-07 11:10:00', 10),
(82, 'grupos01@uneworld.com.br', 7, 'Une2015', '', 'S', 'S', '2017-07-07 11:10:00', '2017-07-07 11:10:00', 7),
(83, 'operacional04@uneworld.com.br', 7, 'Une2015', '', 'S', 'S', '2017-07-07 11:10:00', '2017-07-07 11:10:00', 9),
(84, 'operacional07@uneworld.com.br', 7, 'Une2015', '', 'S', 'S', '2017-07-07 11:10:00', '2017-07-07 11:10:00', 24),
(85, 'operacional05@uneworld.com.br', 7, '150116', '', 'S', 'S', '2017-07-07 11:10:00', '2017-07-07 11:10:00', 14),
(86, 'vendas06@uneworld.com.br', 7, 'Uneworld15', '', 'S', 'S', '2017-07-07 11:10:00', '2017-07-07 11:10:00', 3),
(87, 'vendas08@uneworld.com.br', 7, 'Une2015', '', 'S', 'S', '2017-07-07 11:10:00', '2017-07-07 11:10:00', 8),
(88, 'vendas09@uneworld.com.br', 7, 'Une2015', '', 'S', 'S', '2017-07-07 11:10:00', '2017-07-07 11:10:00', 23),
(89, 'vendas01@uneworld.com.br', 7, 'Une2015', '', 'S', 'S', '2017-07-07 11:10:00', '2017-07-07 11:10:00', 12),
(91, 'paulaune', 15, '211081', 'Login Master', 'S', 'S', '2017-07-07 11:10:00', '2017-07-07 11:10:00', 20),
(94, 'cr02', 15, '310815', '', 'S', 'S', '2017-07-07 11:10:00', '2017-07-07 11:10:00', 6),
(95, 'fabian@uneworld.com.br', 16, '2014$rT@', '', 'S', 'S', '2017-07-07 11:10:00', '2017-07-07 11:10:00', 5),
(96, 'cruzeiros02@uneworld.com.br', 16, '31082015', '', 'S', 'S', '2017-07-07 11:10:00', '2017-07-07 11:10:00', 6),
(97, 'cruzeiros01@uneworld.com.br', 16, '31082015', '', 'S', 'S', '2017-07-07 11:10:00', '2017-07-07 11:10:00', 10),
(98, 'financeiro04@uneworld.com.br', 16, '31082015', '', 'S', 'S', '2017-07-07 11:10:00', '2017-07-07 11:10:00', 21),
(99, 'vendas01@uneworld.com.br', 16, '31082015', '', 'S', 'S', '2017-07-07 11:10:00', '2017-07-07 11:10:00', 12),
(100, 'sabrina@uneworld.com.br', 16, '31082015', '', 'S', 'S', '2017-07-07 11:10:00', '2017-07-07 11:10:00', 18),
(101, 'cruzeiros02', 17, '310815', '', 'S', 'S', '2017-07-07 11:10:00', '2017-07-07 11:10:00', 6),
(102, 'cruzeiros01une', 17, '19072016', '', 'S', 'S', '2017-07-07 11:10:00', '2017-07-07 11:10:00', 10),
(103, '12407321', 17, 'turismo01', '', 'S', 'S', '2017-07-07 11:10:00', '2017-07-07 11:10:00', 5),
(104, 'VENDAS08', 3, 'RESERVAS08', '', 'S', 'S', '2017-07-07 11:10:00', '2017-07-07 11:10:00', 8),
(105, 'OPERACIONAL04', 3, 'RESERVAS04', '', 'S', 'S', '2017-07-07 11:10:00', '2017-07-07 11:10:00', 9),
(106, 'OPERACIONAL05', 3, 'RESERVAS05', '', 'S', 'S', '2017-07-07 11:10:00', '2017-07-07 11:10:00', 14),
(107, 'GRUPOS01', 3, 'RESERVAS01', '', 'S', 'S', '2017-07-07 11:10:00', '2017-07-07 11:10:00', 7),
(108, 'VENDAS01', 3, 'trJwXTBc', '', 'S', 'S', '2017-07-07 11:10:00', '2017-07-07 11:10:00', 12),
(109, 'SARAIVA01', 3, 'RESERVAS', '', 'S', 'S', '2017-07-07 11:10:00', '2017-07-07 11:10:00', 5),
(110, 'SARAIVA02', 3, 'RESERVAS', '', 'S', 'S', '2017-07-07 11:10:00', '2017-07-07 11:10:00', 18),
(111, 'lilian@uneworld.com.br', 18, 'NKFSULOZ', '', 'S', 'S', '2017-07-07 11:10:00', '2017-07-07 11:10:00', 4),
(112, 'admin', 19, '2865030', 'Agencia: 2865, Oficina: 030', 'S', 'S', '2017-07-07 11:10:00', '2017-07-07 11:10:00', 4),
(113, 'AUT10000516910', 20, 'UNE10309', '', 'S', 'S', '2017-07-07 11:10:00', '2017-07-07 11:10:00', 4),
(114, '5207', 21, 'uneworld', 'Unica senha para todos.', 'S', 'S', '2017-07-07 11:10:00', '2017-07-07 11:10:00', 4),
(115, 'UNS-BR-000', 22, 'ORP-091610', '', 'S', 'S', '2017-07-07 11:10:00', '2017-07-07 11:10:00', 4),
(116, 'lilian@uneworld.com.br', 23, '9950', '', 'S', 'S', '2017-07-07 11:10:00', '2017-07-07 11:10:00', 4),
(117, 'UNEWORLD', 24, '159@travel!', '', 'S', 'S', '2017-07-07 11:10:00', '2017-07-07 11:10:00', 4),
(118, 'une', 12, '3228', '', 'S', 'S', '2017-07-07 11:10:00', '2017-07-07 11:10:00', 4),
(119, 'uneworld', 25, '159753', 'Tipo: Agency', 'S', 'S', '2017-07-07 11:10:00', '2017-07-07 11:10:00', 1),
(120, 'une10', 26, 'lrt10', '', 'S', 'S', '2017-07-07 11:10:00', '2017-07-07 11:10:00', 1),
(121, '15905', 27, 'lisaraivaeur', '', 'S', 'S', '2017-07-07 11:10:00', '2017-07-07 11:10:00', 4),
(122, '15906', 28, 'lisaraivausd', 'Pode visualizar todas as reservas', 'S', 'S', '2017-07-07 11:10:00', '2017-07-07 11:10:00', 4),
(123, 'uneworld', 31, 'd29m06a2016', '', 'S', 'S', '2017-07-07 11:10:00', '2017-07-07 11:10:00', 1),
(124, 'uneworld', 32, 'suporte2010', '', 'S', 'S', '2017-07-07 11:10:00', '2017-07-07 11:10:00', 1),
(125, 'desenvune', 33, 'une2010', '', 'S', 'S', '2017-07-07 11:10:00', '2017-07-07 11:10:00', 17),
(126, 'informaticaune383', 33, 'une*38315', '', 'S', 'S', '2017-07-07 11:10:00', '2017-07-07 11:10:00', 1),
(127, 'desenvolvimento@uneworld.com.br', 34, 'une2010', '', 'S', 'S', '2017-07-07 11:10:00', '2017-07-07 11:10:00', 17),
(128, 'desenv', 35, 'une2010', 'Login Computador Windows', 'S', 'S', '2017-07-07 11:10:00', '2017-07-07 11:10:00', 17),
(129, 'uneworldvtadministrador', 10, 'l015ZU$', '192.168.0.241 - Servidor AD.', 'S', 'S', '2017-07-07 11:10:00', '2017-07-07 11:10:00', 1),
(130, 'Binasaraiva', 36, 'bina40', '', 'S', 'S', '2017-07-07 11:10:00', '2017-07-07 11:10:00', 18),
(131, 'sabrinamorandi@ig.com.br', 37, 'Bina402014', '', 'S', 'S', '2017-07-07 11:10:00', '2017-07-07 11:10:00', 18),
(132, 'desenvolvimento@uneworld.com.br', 38, 'Une!2014*', 'Banco de Dados', 'S', 'S', '2017-07-07 11:10:00', '2017-07-07 11:10:00', 17),
(133, '15897', 27, 'jaquelineeur', '', 'S', 'S', '2017-07-07 11:10:00', '2017-07-07 11:10:00', 3),
(134, '15898', 28, 'jaquelineusd', '', 'S', 'S', '2017-07-07 11:10:00', '2017-07-07 11:10:00', 3),
(135, '073047-2', 39, 'jaque1105', 'Client ID: G1265477\r\n', 'S', 'S', '2017-07-07 11:10:00', '2017-07-07 11:10:00', 3),
(136, 'jaqueline', 24, 'une22', '', 'S', 'S', '2017-07-07 11:10:00', '2017-07-07 11:10:00', 3),
(137, 'une30', 26, 'jaqune', '', 'S', 'S', '2017-07-07 11:10:00', '2017-07-07 11:10:00', 3),
(138, '01942762011', 40, '99433874', '', 'S', 'S', '2017-07-07 11:10:00', '2017-07-07 11:10:00', 3),
(139, 'admin', 1, 'l015ZU$', 'ID: 37287\r\nEntrar com navegador IE', 'S', 'S', '2017-07-07 11:10:00', '2017-07-07 11:10:00', 4),
(140, 'Pati2015', 15, '1234', '', 'S', 'S', '2017-07-07 11:10:00', '2017-07-07 11:10:00', 24),
(141, '1454384', 28, 'rhuffusd', '', 'S', 'S', '2017-07-07 11:10:00', '2017-07-07 11:10:00', 24),
(142, '1454383', 27, 'rhuffeur', '', 'S', 'S', '2017-07-07 11:10:00', '2017-07-07 11:10:00', 24),
(143, '074505-4', 39, 'MATHEUS23', '', 'S', 'S', '2017-07-07 11:10:00', '2017-07-07 11:10:00', 24),
(145, '1rickrick', 41, '1clippertravel', 'Senha unica.', 'S', 'S', '2017-07-07 11:10:00', '2017-07-07 11:10:00', 10),
(146, '2500380', 42, 'veo824', 'AGENT ACCOUNT: 250380', 'S', 'S', '2017-07-07 11:10:00', '2017-07-07 11:10:00', 10),
(147, '0597892', 39, 'JUL2016', 'Client ID: G1265472, PCC 5L4U', 'S', 'S', '2017-07-07 11:10:00', '2017-07-07 11:10:00', 10),
(148, '03079046', 15, '159753', '', 'S', 'S', '2017-07-07 11:10:00', '2017-07-07 11:10:00', 10),
(149, '133310', 27, 'camilaeur', '', 'S', 'S', '2017-07-07 11:10:00', '2017-07-07 11:10:00', 9),
(150, '133311', 28, 'camilausd', '', 'S', 'S', '2017-07-07 11:10:00', '2017-07-07 11:10:00', 9),
(152, 'circuitos', 19, '7012015', 'Ag: 2865, Oficina: 030', 'S', 'S', '2017-07-07 11:10:00', '2017-07-07 11:10:00', 9),
(153, 'operacional07', 3, 'reservas07', '', 'S', 'S', '2017-07-07 11:10:00', '2017-07-07 11:10:00', 24),
(154, '01801254001', 40, '15032016', '', 'S', 'S', '2017-07-07 11:10:00', '2017-07-07 11:10:00', 6),
(156, '01101624043', 40, '11032016', '', 'S', 'S', '2017-07-07 11:10:00', '2017-07-07 11:10:00', 15),
(157, '18072852000', 40, '562F493p', '', 'S', 'S', '2017-07-07 11:10:00', '2017-07-07 11:10:00', 4),
(158, '28607813072', 40, '16052016', '', 'S', 'S', '2017-07-07 11:10:00', '2017-07-07 11:10:00', 20),
(159, '66696283072', 40, '20151112', 'TOKEN: vsmt65777647\r\nCetificado: gol@2015', 'S', 'S', '2017-07-07 11:10:00', '2017-07-07 11:10:00', 18),
(160, '00492269084', 40, '07032016', '', 'S', 'S', '2017-07-07 11:10:00', '2017-07-07 11:10:00', 23),
(161, '03307235028', 40, '16062016', 'Aprovador celular pessoal', 'S', 'S', '2017-07-07 11:10:00', '2017-07-07 11:10:00', 1),
(162, '02511075075', 40, '20172018', '', 'S', 'S', '2017-07-07 11:10:00', '2017-07-07 11:10:00', 27),
(163, '01080540040', 40, '08032016', '', 'S', 'S', '2017-07-07 11:10:00', '2017-07-07 11:10:00', 2),
(165, '80601693000', 40, '08032016', '', 'S', 'S', '2017-07-07 11:10:00', '2017-07-07 11:10:00', 8),
(167, '92720706000', 40, '01072016', 'Aprovador pelo celular Moto E Uneworld', 'S', 'S', '2017-07-07 11:10:00', '2017-07-07 11:10:00', 5),
(168, '01630331023', 40, '17062016', '', 'S', 'S', '2017-07-07 11:10:00', '2017-07-07 11:10:00', 9),
(169, '080871-0', 39, 'd19m08a15', '', 'S', 'S', '2017-07-07 11:10:00', '2017-07-07 11:10:00', 2),
(170, '0551364', 39, 'Une2016201', '', 'S', 'S', '2017-07-07 11:10:00', '2017-07-07 11:10:00', 27),
(171, 'financeiro02', 35, 'une2154', 'Login de rede 242\r\n', 'S', 'S', '2017-07-07 11:10:00', '2017-07-07 11:10:00', 26),
(172, 'financeiro04', 35, 'finan*2015', 'Login de rede', 'S', 'S', '2017-07-07 11:10:00', '2017-07-07 11:10:00', 21),
(173, 'financeiro01', 35, 'henriearthur', '', 'S', 'S', '2017-07-07 11:10:00', '2017-07-07 11:10:00', 20),
(174, 'fabian.saraiva', 35, 'fune2015', 'Login de rede', 'S', 'S', '2017-07-07 11:10:00', '2017-07-07 11:10:00', 5),
(175, 'vendas06', 35, 'jaja11s5', 'Login de rede', 'S', 'S', '2017-07-07 11:10:00', '2017-07-07 11:10:00', 3),
(176, 'operacional05', 35, 'une*1020', 'Login de rede', 'S', 'S', '2017-07-07 11:10:00', '2017-07-07 11:10:00', 14),
(177, 'operacional04', 35, 'Leo1811', 'Login de rede', 'S', 'S', '2017-07-07 11:10:00', '2017-07-07 11:10:00', 9),
(178, 'grupos01', 35, 'une*1020', 'Login de rede', 'S', 'S', '2017-07-07 11:10:00', '2017-07-07 11:10:00', 7),
(179, 'recepcao01', 35, 'lu1947', 'Login de rede', 'S', 'S', '2017-07-07 11:10:00', '2017-07-07 11:10:00', 16),
(181, 'vendas06@uneworld.com.br', 18, 'KZDPVOYS', '', 'S', 'S', '2017-07-07 11:10:00', '2017-07-07 11:10:00', 3),
(182, 'grupos01@uneworld.com.br', 18, 'JVLWCNBO', '874852XQN\r\nUNEWORLD VIAGENS E TURISMO LTDA.', 'S', 'S', '2017-07-07 11:10:00', '2017-07-07 11:10:00', 7),
(183, 'operacional04@uneworld.com.br', 18, 'RMGTSEES', '', 'S', 'S', '2017-07-07 11:10:00', '2017-07-07 11:10:00', 9),
(185, 'vendas09@uneworld.com.br', 18, 'RXOTZFDL', '', 'S', 'S', '2017-07-07 11:10:00', '2017-07-07 11:10:00', 23),
(186, 'vendas08@uneworld.com.br', 18, 'AHCVNVJS', '', 'S', 'S', '2017-07-07 11:10:00', '2017-07-07 11:10:00', 8),
(187, 'operacional07@uneworld.com.br', 18, 'LDSGBQXW', '', 'S', 'S', '2017-07-07 11:10:00', '2017-07-07 11:10:00', 24),
(188, 'fabian@uneworld.com.br', 43, 'FMS@1899', '', 'S', 'S', '2017-07-07 11:10:00', '2017-07-07 11:10:00', 5),
(189, 'saraivalilian15@gmail.com', 29, 'd01m10a15', 'E-mail para play store', 'S', 'S', '2017-07-07 11:10:00', '2017-07-07 11:10:00', 4),
(190, 'vendas07@uneworld.com.br', 29, 'd08m06a15', '', 'S', 'S', '2017-07-07 11:10:00', '2017-07-07 11:10:00', 2),
(191, 'lilian@uneworld.com.br', 29, '0QQTNd7n', '', 'S', 'S', '2017-07-07 11:10:00', '2017-07-07 11:10:00', 4),
(192, 'fabian@uneworld.com.br', 29, '7EwmAMdr', '', 'S', 'S', '2017-07-07 11:10:00', '2017-07-07 11:10:00', 5),
(193, 'aereo01@uneworld.com.br', 29, '6E11T1P0', '', 'S', 'S', '2017-07-07 11:10:00', '2017-07-07 11:10:00', 27),
(194, 'atendimento01@uneworld.com.br', 29, 'd25m11a15', '', 'S', 'S', '2017-07-07 11:10:00', '2017-07-07 11:10:00', 16),
(195, 'cruzeiros01@uneworld.com.br', 29, 'Uned.01M.07@.16', '', 'S', 'S', '2017-07-07 11:10:00', '2017-07-07 11:10:00', 10),
(196, 'cruzeiros02@uneworld.com.br', 29, 'd10m11@16', '', 'S', 'S', '2017-07-07 11:10:00', '2017-07-07 11:10:00', 6),
(197, 'csaraiva@uneworld.com.br', 29, 'unew1020', '', 'S', 'S', '2017-07-07 11:10:00', '2017-07-07 11:10:00', 25),
(198, 'desenvolvimento@uneworld.com.br', 29, '6ggwbsLV', '', 'S', 'S', '2017-07-07 11:10:00', '2017-07-07 11:10:00', 17),
(199, 'grupos01@uneworld.com.br', 29, '4iz9!v3m', '', 'S', 'S', '2017-07-07 11:10:00', '2017-07-07 11:10:00', 7),
(200, 'financeiro@uneworld.com.br', 29, 'd04m09a15', '', 'S', 'S', '2017-07-07 11:10:00', '2017-07-07 11:10:00', 20),
(201, 'financeiro02@uneworld.com.br', 29, '2n7ZRwjn', '', 'S', 'S', '2017-07-07 11:10:00', '2017-07-07 11:10:00', 26),
(203, 'financeiro03@uneworld.com.br', 29, '8C7qiu8c', '', 'S', 'S', '2017-07-07 11:10:00', '2017-07-07 11:10:00', 1),
(204, 'financeiro04@uneworld.com.br', 29, '5GR5VchM', '', 'S', 'S', '2017-07-07 11:10:00', '2017-07-07 11:10:00', 21),
(205, 'grupos02@uneworld.com.br', 29, 'vz3s2x!@', '', 'S', 'S', '2017-07-07 11:10:00', '2017-07-07 11:10:00', 7),
(206, 'grupos03@uneworld.com.br', 29, '8xn3!z@4', '', 'S', 'S', '2017-07-07 11:10:00', '2017-07-07 11:10:00', 7),
(207, 'informatica@uneworld.com.br', 29, 'd29m06a15', '', 'S', 'S', '2017-07-07 11:10:00', '2017-07-07 11:10:00', 1),
(208, 'marketing@uneworld.com.br', 29, 'd27m06a2016', '', 'S', 'S', '2017-07-07 11:10:00', '2017-07-07 11:10:00', 22),
(210, 'operacional02@uneworld.com.br', 29, 'd24m06a15', 'Livre', 'S', 'S', '2017-07-07 11:10:00', '2017-07-07 11:10:00', 15),
(211, 'operacional03@uneworld.com.br', 29, '4zTgYcsx', 'Livre', 'S', 'S', '2017-07-07 11:10:00', '2017-07-07 11:10:00', 1),
(212, 'operacional04@uneworld.com.br', 29, 'u4ls4Y3x', '', 'S', 'S', '2017-07-07 11:10:00', '2017-07-07 11:10:00', 9),
(213, 'operacional05@uneworld.com.br', 29, '*SI48AGz', '', 'S', 'S', '2017-07-07 11:10:00', '2017-07-07 11:10:00', 14),
(214, 'operacional06@uneworld.com.br', 29, '03VOpbiR', 'Livre', 'S', 'S', '2017-07-07 11:10:00', '2017-07-07 11:10:00', 1),
(215, 'operacional07@uneworld.com.br', 29, 'd27m10a15', '', 'S', 'S', '2017-07-07 11:10:00', '2017-07-07 11:10:00', 24),
(216, 'promocao01@uneworld.com.br', 29, 'A7*vl8x3@', 'Livre', 'S', 'S', '2017-07-07 11:10:00', '2017-07-07 11:10:00', 1),
(217, 'promocao03@uneworld.com.br', 29, 'd31m07a15', '', 'S', 'S', '2017-07-07 11:10:00', '2017-07-07 11:10:00', 96),
(218, 'promosserra@uneworld.com.br', 29, '8LEOQDSZ', '', 'S', 'S', '2017-07-07 11:10:00', '2017-07-07 11:10:00', 97),
(219, 'rh01@uneworld.com.br', 29, 'rh132015', '', 'S', 'S', '2017-07-07 11:10:00', '2017-07-07 11:10:00', 19),
(220, 'sabrina@uneworld.com.br', 29, '5x*a!sd4xL', '', 'S', 'S', '2017-07-07 11:10:00', '2017-07-07 11:10:00', 18),
(221, 'tarifarios@uneworld.com.br', 29, 'd24m06a15', '', 'S', 'S', '2017-07-07 11:10:00', '2017-07-07 11:10:00', 13),
(222, 'vendas01@uneworld.com.br', 29, 'd18m12a15', '', 'S', 'S', '2017-07-07 11:10:00', '2017-07-07 11:10:00', 12),
(223, 'vendas03@uneworld.com.br', 29, 'd02m10a15', '', 'S', 'S', '2017-07-07 11:10:00', '2017-07-07 11:10:00', 1),
(224, 'vendas06@uneworld.com.br', 29, 'd29m06a2016', '', 'S', 'S', '2017-07-07 11:10:00', '2017-07-07 11:10:00', 3),
(225, 'vendas04@uneworld.com.br', 29, '95wMn1aR', '', 'S', 'S', '2017-07-07 11:10:00', '2017-07-07 11:10:00', 1),
(226, 'vendas05@uneworld.com.br', 29, 'Un3w0rld!', 'Livre', 'S', 'S', '2017-07-07 11:10:00', '2017-07-07 11:10:00', 1),
(227, 'vendas08@uneworld.com.br', 29, '4VeM2ea9', '', 'S', 'S', '2017-07-07 11:10:00', '2017-07-07 11:10:00', 8),
(228, 'vendas09@uneworld.com.br', 29, '2jAbcVsC', '', 'S', 'S', '2017-07-07 11:10:00', '2017-07-07 11:10:00', 23),
(229, 'webmaster@uneworld.com.br', 29, '8Vuk5TlH', '', 'S', 'S', '2017-07-07 11:10:00', '2017-07-07 11:10:00', 1),
(230, 'sabrinamorandi@ig.com.br', 29, 'bina30', '', 'S', 'S', '2017-07-07 11:10:00', '2017-07-07 11:10:00', 18),
(231, 'rhrecrutamento@gmail.com', 29, 'unew1020', '', 'S', 'S', '2017-07-07 11:10:00', '2017-07-07 11:10:00', 19),
(232, 'promocaounesc@gmail.com', 29, 'unew1020', '', 'S', 'S', '2017-07-07 11:10:00', '2017-07-07 11:10:00', 1),
(233, 'uneworldturismo@gmail.com', 29, 'world2010une', '', 'S', 'S', '2017-07-07 11:10:00', '2017-07-07 11:10:00', 1),
(234, 'postmaster@uneworldoperadora.com.br', 29, 'world7868une', '', 'S', 'S', '2017-07-07 11:10:00', '2017-07-07 11:10:00', 1),
(236, 'coris@gmail.com', 29, '0KtLWPFT', '', 'S', 'S', '2017-07-07 11:10:00', '2017-07-07 11:10:00', 1),
(237, 'uneworldvt@gmail.com', 29, 'une*2015', '', 'S', 'S', '2017-07-07 11:10:00', '2017-07-07 11:10:00', 1),
(238, 'danuza.mikalovcz@april.com', 29, 'Apr57241', '', 'S', 'S', '2017-07-07 11:10:00', '2017-07-07 11:10:00', 98),
(239, 'paulo.amaro@coris.com', 29, 'Apr17011', '', 'S', 'S', '2017-07-07 11:10:00', '2017-07-07 11:10:00', 99),
(240, 'plantaouneworld@gmail.com', 29, 'une20102010', '', 'S', 'S', '2017-07-07 11:10:00', '2017-07-07 11:10:00', 1),
(241, 'lilian@uneworld.com.br', 44, 'lilian', '', 'S', 'S', '2017-07-07 11:10:00', '2017-07-07 11:10:00', 4),
(242, 'vendas01@uneworld.com.br', 44, 'vendas01', '', 'S', 'S', '2017-07-07 11:10:00', '2017-07-07 11:10:00', 12),
(243, 'operacional05@uneworld.com.br', 44, 'operacional05', '', 'S', 'S', '2017-07-07 11:10:00', '2017-07-07 11:10:00', 14),
(244, 'operacional04@uneworld.com.br', 44, 'operacional04', '', 'S', 'S', '2017-07-07 11:10:00', '2017-07-07 11:10:00', 9),
(245, 'operacional07@uneworld.com.br', 44, 'operacional07', '', 'S', 'S', '2017-07-07 11:10:00', '2017-07-07 11:10:00', 24),
(246, 'grupos01@uneworld.com.br', 44, 'grupos01', '', 'S', 'S', '2017-07-07 11:10:00', '2017-07-07 11:10:00', 7),
(247, 'operacional02@uneworld.com.br', 44, 'operacional02', '', 'S', 'S', '2017-07-07 11:10:00', '2017-07-07 11:10:00', 1),
(248, 'tarifarios@uneworld.com.br', 44, 'tarifarios', '', 'S', 'S', '2017-07-07 11:10:00', '2017-07-07 11:10:00', 13),
(249, 'vendas06@uneworld.com.br', 44, 'vendas06', '', 'S', 'S', '2017-07-07 11:10:00', '2017-07-07 11:10:00', 3),
(250, 'vendas08@uneworld.com.br', 44, 'vendas08', '', 'S', 'S', '2017-07-07 11:10:00', '2017-07-07 11:10:00', 8),
(251, 'vendas07@uneworld.com.br', 44, 'vendas07', '', 'S', 'S', '2017-07-07 11:10:00', '2017-07-07 11:10:00', 2),
(252, 'administrador', 45, 'UNEWa11000', 'Clave: 2041080', 'S', 'S', '2017-07-07 11:10:00', '2017-07-07 11:10:00', 4),
(253, 'vendas07', 45, 'd02m10a15', 'Clave: 2041080', 'S', 'S', '2017-07-07 11:10:00', '2017-07-07 11:10:00', 2),
(254, 'vendas01', 45, 'D3555110', 'Clave: 2041080', 'S', 'S', '2017-07-07 11:10:00', '2017-07-07 11:10:00', 12),
(255, 'operacional04', 45, 'N1728841', 'Clave: 2041080', 'S', 'S', '2017-07-07 11:10:00', '2017-07-07 11:10:00', 9),
(257, 'vendas06', 45, 'O7118185', 'Clave: 2041080\r\n', 'S', 'S', '2017-07-07 11:10:00', '2017-07-07 11:10:00', 3),
(258, 'JSCHRAMMEL', 4, 'JA92471429', '', 'S', 'S', '2017-07-07 11:10:00', '2017-07-07 11:10:00', 3),
(259, 'uneworld_v1', 47, 'daniela2015', '', 'S', 'S', '2017-07-07 11:10:00', '2017-07-07 11:10:00', 12),
(260, 'uneworld_o5', 47, 'giovana2015', '', 'S', 'S', '2017-07-07 11:10:00', '2017-07-07 11:10:00', 14),
(261, 'uneworld_o4', 47, 'camila2015', '', 'S', 'S', '2017-07-07 11:10:00', '2017-07-07 11:10:00', 9),
(262, 'uneworld_o7', 47, 'patricia2015', '', 'S', 'S', '2017-07-07 11:10:00', '2017-07-07 11:10:00', 24),
(263, 'uneworld_g1', 47, 'anacarla2015', '', 'S', 'S', '2017-07-07 11:10:00', '2017-07-07 11:10:00', 7),
(264, 'uneworld_o2', 47, 'bloqueios2015', '', 'S', 'S', '2017-07-07 11:10:00', '2017-07-07 11:10:00', 15),
(265, 'uneworld_t', 47, 'viviane2015', '', 'S', 'S', '2017-07-07 11:10:00', '2017-07-07 11:10:00', 13),
(266, 'uneworld_v6', 47, 'jaqueline2015', '', 'S', 'S', '2017-07-07 11:10:00', '2017-07-07 11:10:00', 3),
(267, 'uneworld_v8', 47, 'rubens2015', '', 'S', 'S', '2017-07-07 11:10:00', '2017-07-07 11:10:00', 8),
(268, 'uneworld_v7', 47, 'flavia2015', '', 'S', 'S', '2017-07-07 11:10:00', '2017-07-07 11:10:00', 2),
(269, 'uneworld', 47, 'lilian2015', '', 'S', 'S', '2017-07-07 11:10:00', '2017-07-07 11:10:00', 4),
(270, '81100', 48, '225trefg', 'Login para circuitos e hoteis.', 'S', 'S', '2017-07-07 11:10:00', '2017-07-07 11:10:00', 4),
(271, 'resto07', 48, 'res123to', 'Login para Tarifas Fit.', 'S', 'S', '2017-07-07 11:10:00', '2017-07-07 11:10:00', 4),
(272, 'vendas06', 14, 'd21m10a15', '', 'S', 'S', '2017-07-07 11:10:00', '2017-07-07 11:10:00', 3),
(273, 'vendas06', 1, '221015', 'ID: 37287', 'S', 'S', '2017-07-07 11:10:00', '2017-07-07 11:10:00', 3),
(274, 'vendas07', 1, '221015', 'ID: 37287', 'S', 'S', '2017-07-07 11:10:00', '2017-07-07 11:10:00', 2),
(275, 'operacional02', 46, 'oper02', '', 'S', 'S', '2017-07-07 11:10:00', '2017-07-07 11:10:00', 15),
(276, 'operacional04', 46, 'oper04', '', 'S', 'S', '2017-07-07 11:10:00', '2017-07-07 11:10:00', 9),
(277, 'operacional05', 46, 'oper05', '', 'S', 'S', '2017-07-07 11:10:00', '2017-07-07 11:10:00', 14),
(278, 'operacional07', 46, 'oper07', '', 'S', 'S', '2017-07-07 11:10:00', '2017-07-07 11:10:00', 24),
(279, 'grupos01', 46, 'gru01', '', 'S', 'S', '2017-07-07 11:10:00', '2017-07-07 11:10:00', 7),
(280, 'cruzeiros02', 46, 'cru02', '', 'S', 'S', '2017-07-07 11:10:00', '2017-07-07 11:10:00', 6),
(281, 'cruzeiros01', 46, 'cru01', '', 'S', 'S', '2017-07-07 11:10:00', '2017-07-07 11:10:00', 10),
(282, 'vendas01', 46, 'ven01', '', 'S', 'S', '2017-07-07 11:10:00', '2017-07-07 11:10:00', 12),
(283, 'vendas06', 46, 'ven06', '', 'S', 'S', '2017-07-07 11:10:00', '2017-07-07 11:10:00', 3),
(284, 'vendas07', 46, 'ven07', '', 'S', 'S', '2017-07-07 11:10:00', '2017-07-07 11:10:00', 2),
(285, 'vendas08', 46, 'ven08', '', 'S', 'S', '2017-07-07 11:10:00', '2017-07-07 11:10:00', 8),
(286, 'tarifarios', 46, 'tari', '', 'S', 'S', '2017-07-07 11:10:00', '2017-07-07 11:10:00', 13),
(287, 'lilian01', 46, 'lilisara', '', 'S', 'S', '2017-07-07 11:10:00', '2017-07-07 11:10:00', 4),
(288, 'fabian01', 46, 'fabisara', '', 'S', 'S', '2017-07-07 11:10:00', '2017-07-07 11:10:00', 5),
(289, 'sabrina', 46, 'sabsa', '', 'S', 'S', '2017-07-07 11:10:00', '2017-07-07 11:10:00', 18),
(290, 'UNEWORLD_EXT', 30, 'un3$383!', 'Modem Vivo WIFI EXTERNO', 'S', 'S', '2017-07-07 11:10:00', '2017-07-07 11:10:00', 1),
(291, '15897', 27, 'jaquelineeur', 'EUR', 'S', 'S', '2017-07-07 11:10:00', '2017-07-07 11:10:00', 3),
(292, '15898', 28, 'jaquelineusd', 'USD', 'S', 'S', '2017-07-07 11:10:00', '2017-07-07 11:10:00', 3),
(293, '138780', 49, 'brl138780', '', 'S', 'S', '2017-07-07 11:10:00', '2017-07-07 11:10:00', 3),
(294, '15905', 27, 'lisaraivaeur', '', 'S', 'S', '2017-07-07 11:10:00', '2017-07-07 11:10:00', 4),
(295, '15906', 28, 'lisaraivausd', '', 'S', 'S', '2017-07-07 11:10:00', '2017-07-07 11:10:00', 4),
(296, '138784', 49, 'brl138784', '', 'S', 'S', '2017-07-07 11:10:00', '2017-07-07 11:10:00', 4),
(297, '133320', 27, 'mgracaeur', '', 'S', 'S', '2017-07-07 11:10:00', '2017-07-07 11:10:00', 20),
(298, '133321', 28, 'mgracausd', '', 'S', 'S', '2017-07-07 11:10:00', '2017-07-07 11:10:00', 20),
(299, '138791', 49, 'brl138791', '', 'S', 'S', '2017-07-07 11:10:00', '2017-07-07 11:10:00', 20),
(300, '133326', 27, 'ssaraivaeur', '', 'S', 'S', '2017-07-07 11:10:00', '2017-07-07 11:10:00', 18),
(301, '133327', 28, 'ssaraivausd', '', 'S', 'S', '2017-07-07 11:10:00', '2017-07-07 11:10:00', 18),
(302, '138793', 49, 'brl138793', '', 'S', 'S', '2017-07-07 11:10:00', '2017-07-07 11:10:00', 18),
(303, '133328', 27, 'fsaraivaeur', '', 'S', 'S', '2017-07-07 11:10:00', '2017-07-07 11:10:00', 5),
(304, '133329', 28, 'fsaraivausd', '', 'S', 'S', '2017-07-07 11:10:00', '2017-07-07 11:10:00', 5),
(305, '138794', 49, 'brl138794', '', 'S', 'S', '2017-07-07 11:10:00', '2017-07-07 11:10:00', 5),
(306, '1448411', 27, 'natheur', '', 'S', 'S', '2017-07-07 11:10:00', '2017-07-07 11:10:00', 7),
(307, '1448412', 28, 'nathusd', '', 'S', 'S', '2017-07-07 11:10:00', '2017-07-07 11:10:00', 7),
(308, '1448413', 49, 'nathbrl', '', 'S', 'S', '2017-07-07 11:10:00', '2017-07-07 11:10:00', 7),
(309, '1454385', 49, 'dvilelabrl', '', 'S', 'S', '2017-07-07 11:10:00', '2017-07-07 11:10:00', 10),
(310, '1454386', 27, 'dvilelaeur', '', 'S', 'S', '2017-07-07 11:10:00', '2017-07-07 11:10:00', 10),
(311, '1454387', 28, 'dvilelausd', '', 'S', 'S', '2017-07-07 11:10:00', '2017-07-07 11:10:00', 10),
(315, '1457318', 49, 'tsalamonebrl', '', 'S', 'S', '2017-07-07 11:10:00', '2017-07-07 11:10:00', 23),
(316, '14633213', 49, 'fcarvalhobrl', '', 'S', 'S', '2017-07-07 11:10:00', '2017-07-07 11:10:00', 2),
(317, '14633214', 27, 'fcarvalhoeur', '', 'S', 'S', '2017-07-07 11:10:00', '2017-07-07 11:10:00', 2),
(318, '14633215', 28, 'fcarvalhousd', '', 'S', 'S', '2017-07-07 11:10:00', '2017-07-07 11:10:00', 2),
(319, '14633216', 49, 'dulhoabrl', '', 'S', 'S', '2017-07-07 11:10:00', '2017-07-07 11:10:00', 12),
(320, '14633217', 27, 'dulhoaeur', '', 'S', 'S', '2017-07-07 11:10:00', '2017-07-07 11:10:00', 12),
(321, '14633218', 28, 'dulhoausd', '', 'S', 'S', '2017-07-07 11:10:00', '2017-07-07 11:10:00', 12),
(322, '14633219', 49, 'vtheisenbrl', '', 'S', 'S', '2017-07-07 11:10:00', '2017-07-07 11:10:00', 13),
(323, '14633220', 27, 'vtheiseneur', '', 'S', 'S', '2017-07-07 11:10:00', '2017-07-07 11:10:00', 13),
(324, '14633221', 28, 'vtheisenusd', '', 'S', 'S', '2017-07-07 11:10:00', '2017-07-07 11:10:00', 13),
(325, '14633222', 49, 'psilveirabrl', '', 'S', 'S', '2017-07-07 11:10:00', '2017-07-07 11:10:00', 18),
(326, '14633223', 27, 'psilveiraeur', '', 'S', 'S', '2017-07-07 11:10:00', '2017-07-07 11:10:00', 24),
(327, '14633224', 28, 'psilveirausd', '', 'S', 'S', '2017-07-07 11:10:00', '2017-07-07 11:10:00', 24),
(328, '1454652', 49, 'dtrindadebrl', '', 'S', 'S', '2017-07-07 11:10:00', '2017-07-07 11:10:00', 6),
(329, '1454653', 27, 'dtrindadeeur', '', 'S', 'S', '2017-07-07 11:10:00', '2017-07-07 11:10:00', 6),
(330, '1454654', 28, 'dtrindadeusd', '', 'S', 'S', '2017-07-07 11:10:00', '2017-07-07 11:10:00', 24),
(331, '133316', 27, 'goehreur', '', 'S', 'S', '2017-07-07 11:10:00', '2017-07-07 11:10:00', 15),
(332, '133317', 27, 'goehrusd', '', 'S', 'S', '2017-07-07 11:10:00', '2017-07-07 11:10:00', 6),
(333, '138789', 49, 'brl138789', '', 'S', 'S', '2017-07-07 11:10:00', '2017-07-07 11:10:00', 15),
(334, '1454382', 49, 'rhuffbrl', '', 'S', 'S', '2017-07-07 11:10:00', '2017-07-07 11:10:00', 8),
(335, '1454383', 27, 'rhuffeur', '', 'S', 'S', '2017-07-07 11:10:00', '2017-07-07 11:10:00', 8),
(336, '1454384', 28, 'rhuffusd', '', 'S', 'S', '2017-07-07 11:10:00', '2017-07-07 11:10:00', 8),
(337, '133317', 28, 'goehrusd', '', 'S', 'S', '2017-07-07 11:10:00', '2017-07-07 11:10:00', 15),
(338, '138786', 49, 'camilabrl', '', 'S', 'S', '2017-07-07 11:10:00', '2017-07-07 11:10:00', 9),
(339, 'UNEWORLD_REUNIAO_INT', 30, 'un3@383#', '192.168.0.2, login: admin, senha: l015ZU$', 'S', 'S', '2017-07-07 11:10:00', '2017-07-07 11:10:00', 1),
(340, 'spallatur', 31, 's842@Tur', '', 'S', 'S', '2017-07-07 11:10:00', '2017-07-07 11:10:00', 1),
(341, 'informatica@uneworld.com.br', 11, 'd04m07a17', '', 'S', 'S', '2017-07-07 11:10:00', '2017-07-07 11:10:00', 1),
(342, 'operacional01', 11, 'd29a2015', '', 'S', 'S', '2017-07-07 11:10:00', '2017-07-07 11:10:00', 100),
(343, 'operacional01', 5, '6QHOD3HT', '', 'S', 'S', '2017-07-07 11:10:00', '2017-07-07 11:10:00', 100),
(344, 'admin', 5, 'l015ZU$', '', 'S', 'S', '2017-07-07 11:10:00', '2017-07-07 11:10:00', 1),
(345, 'operacional01', 6, '6QHOD3HT', '', 'S', 'S', '2017-07-07 11:10:00', '2017-07-07 11:10:00', 100),
(346, 'operacional01', 14, '6QHOD3HT', '', 'S', 'S', '2017-07-07 11:10:00', '2017-07-07 11:10:00', 100),
(347, 'operacional01', 45, '6QHOD3HT', '', 'S', 'S', '2017-07-07 11:10:00', '2017-07-07 11:10:00', 100),
(348, 'grupos01', 5, '140815', 'Uneworld Operadora', 'S', 'S', '2017-07-07 11:10:00', '2017-07-07 11:10:00', 7),
(350, 'UNEWORLD_SARAIVA', 30, 'une@383#', '192.168.24.1\r\nLogin: admin\r\nSenha: admin', 'S', 'S', '2017-07-07 11:10:00', '2017-07-07 11:10:00', 1),
(351, '093700-5', 39, 'D04M11A15', 'PCC: 5L4U', 'S', 'S', '2017-07-07 11:10:00', '2017-07-07 11:10:00', 100),
(352, 'operacional01@uneworld.com.br', 29, 'd07m12a15', '', 'S', 'S', '2017-07-07 11:10:00', '2017-07-07 11:10:00', 100),
(353, '98864777091', 40, '08032016', '', 'S', 'S', '2017-07-07 11:10:00', '2017-07-07 11:10:00', 100),
(354, '77173', 51, 'UNE0611fin', '', 'S', 'S', '2017-07-07 11:10:00', '2017-07-07 11:10:00', 1),
(356, 'root', 10, 'l014ZU@', '192.168.0.245 - Servidor Sigu ', 'S', 'S', '2017-07-07 11:10:00', '2017-07-07 11:10:00', 1),
(357, 'UNEWORLD', 52, '18367', '', 'S', 'S', '2017-07-07 11:10:00', '2017-07-07 11:10:00', 1),
(358, '9002292', 53, 'une1020', '', 'S', 'S', '2017-07-07 11:10:00', '2017-07-07 11:10:00', 4),
(359, 'une2015', 54, 'une2015', '', 'S', 'S', '2017-07-07 11:10:00', '2017-07-07 11:10:00', 1),
(360, 'operacional01', 38, 'une1020', '', 'S', 'S', '2017-07-07 11:10:00', '2017-07-07 11:10:00', 100),
(361, 'operacional01@uneworld.com.br', 55, 'une*1020', '', 'S', 'S', '2017-07-07 11:10:00', '2017-07-07 11:10:00', 100),
(362, 'uneworld3', 56, 'bd4t3st20i4', 'Host: mysql01.uneworld.com.br\r\nDatabase: uneworld3', 'S', 'S', '2017-07-07 11:10:00', '2017-07-07 11:10:00', 1),
(363, 'admin', 57, '102030', 'Responsáveis: Kiweb', 'S', 'S', '2017-07-07 11:10:00', '2017-07-07 11:10:00', 1),
(364, 'Célio Saraiva', 58, 'celio2713', 'Modelo: CCE WIN D23L\r\nMemória: 3 GB\r\nProcessador: I3 2.27 GHz\r\nHD: 300 GB\r\nWindows 7 Ultimate, 32 Bi', 'S', 'S', '2017-07-07 11:10:00', '2017-07-07 11:10:00', 25),
(365, 'OUNEWORLD1', 4, 'OUN07W', '', 'S', 'S', '2017-07-07 11:10:00', '2017-07-07 11:10:00', 100),
(366, 'OPER01', 1, 'h1610518', '', 'S', 'S', '2017-07-07 11:10:00', '2017-07-07 11:10:00', 100),
(367, 'operacional02', 35, '010204', 'Login de rede AD', 'S', 'S', '2017-07-07 11:10:00', '2017-07-07 11:10:00', 15),
(368, '192.168.0.239', 59, 'pbxk1064', '', 'S', 'S', '2017-07-07 11:10:00', '2017-07-07 11:10:00', 1),
(369, '14633779', 49, 'lkasterbrl', '', 'S', 'S', '2017-07-07 11:10:00', '2017-07-07 11:10:00', 100),
(370, '14633780', 27, 'lkastereur', '', 'S', 'S', '2017-07-07 11:10:00', '2017-07-07 11:10:00', 100),
(371, '14633781', 28, 'lkasterusd', '', 'S', 'S', '2017-07-07 11:10:00', '2017-07-07 11:10:00', 100),
(372, 'lilian', 35, '20141n3@', 'Login computador', 'S', 'S', '2017-07-07 11:10:00', '2017-07-07 11:10:00', 4),
(373, 'fabian.saraiva', 60, 'uneworld2014', 'Cangooroo', 'S', 'S', '2017-07-07 11:10:00', '2017-07-07 11:10:00', 17),
(374, 'desenv', 35, 'une2010', 'Computador Desenv', 'S', 'S', '2017-07-07 11:10:00', '2017-07-07 11:10:00', 17),
(375, 'cruzeiros01', 60, 'une1020', 'Cangooroo', 'S', 'S', '2017-07-07 11:10:00', '2017-07-07 11:10:00', 10),
(376, 'uneworld', 61, 'une383!', '186.202.150.235', 'S', 'S', '2017-07-07 11:10:00', '2017-07-07 11:10:00', 1),
(377, 'UNEWO000', 62, 'UNEWO000', 'Senha única para todos', 'S', 'S', '2017-07-07 11:10:00', '2017-07-07 11:10:00', 100),
(378, 'vendas08', 45, 'd09m12a15', 'Key: 2041080', 'S', 'S', '2017-07-07 11:10:00', '2017-07-07 11:10:00', 8),
(379, 'root', 61, 'l014ZU@', '192.168.0.245 - FTP SERVIDOR SIGU FTP SERVIDOR SIGU', 'S', 'S', '2017-07-07 11:10:00', '2017-07-07 11:10:00', 1),
(381, 'grupos01', 1, '151215', 'ID: 37287', 'S', 'S', '2017-07-07 11:10:00', '2017-07-07 11:10:00', 7),
(382, '98864777091', 13, '17122015', 'Entrar uma vez na semana, caso contrário login é bloqueado.', 'S', 'S', '2017-07-07 11:10:00', '2017-07-07 11:10:00', 100),
(383, 'cruzeiros02.uneworld', 11, 'd17m12a15', '', 'S', 'S', '2017-07-07 11:10:00', '2017-07-07 11:10:00', 6),
(384, 'desenv01', 10, 'une2010', '192.168.0.241 - servidor  Servidor 241', 'S', 'S', '2017-07-07 11:10:00', '2017-07-07 11:10:00', 17),
(385, 'financeiro01', 6, 'd23m12a15', '', 'S', 'S', '2017-07-07 11:10:00', '2017-07-07 11:10:00', 20),
(387, 'desenvune@gmail.com', 63, 'une*2010', 'Conta do Google', 'S', 'S', '2017-07-07 11:10:00', '2017-07-07 11:10:00', 17),
(388, 'financeiro@uneworld.com.br', 64, 'Fin010216une', '', 'S', 'S', '2017-07-07 11:10:00', '2017-07-07 11:10:00', 20),
(389, 'operacional01@uneworld.com.br', 18, 'ZOBFNLKQ', '', 'S', 'S', '2017-07-07 11:10:00', '2017-07-07 11:10:00', 100),
(390, 'une1020', 65, 'unelk02', '', 'S', 'S', '2017-07-07 11:10:00', '2017-07-07 11:10:00', 100),
(392, 'nathune', 15, '180116', '', 'S', 'S', '2017-07-07 11:10:00', '2017-07-07 11:10:00', 7),
(393, '050496-5', 39, 'D15M01A16', 'PCC: 5L4U', 'S', 'S', '2017-07-07 11:10:00', '2017-07-07 11:10:00', 14),
(394, 'opera05', 6, '150116', '', 'S', 'S', '2017-07-07 11:10:00', '2017-07-07 11:10:00', 14),
(395, '050497-6', 39, 'JR010204', '', 'S', 'S', '2017-07-07 11:10:00', '2017-07-07 11:10:00', 15),
(396, 'lilianecelio.s@gmail.com', 29, 'celio2713', '', 'S', 'S', '2017-07-07 11:10:00', '2017-07-07 11:10:00', 25),
(397, 'celiosaraiva', 11, 'celio2713', 'E-mail: lilianecelio.s@gmail.com', 'S', 'S', '2017-07-07 11:10:00', '2017-07-07 11:10:00', 25),
(398, 'unepie', 15, '201120', 'Uneworld Viagens e Turismo', 'S', 'S', '2017-07-07 11:10:00', '2017-07-07 11:10:00', 5),
(399, 'jaqueune', 15, '924714', '', 'S', 'S', '2017-07-07 11:10:00', '2017-07-07 11:10:00', 3),
(400, 'oper04', 25, '190116', '', 'S', 'S', '2017-07-07 11:10:00', '2017-07-07 11:10:00', 9),
(401, 'grupos01uneworld', 11, 'd19m01a16', '', 'S', 'S', '2017-07-07 11:10:00', '2017-07-07 11:10:00', 7),
(402, '02805363051', 40, '08032016', '', 'S', 'S', '2017-07-07 11:10:00', '2017-07-07 11:10:00', 7),
(403, 'marketinguneworld', 11, 'mktuneworld2014', '', 'S', 'S', '2017-07-07 11:10:00', '2017-07-07 11:10:00', 22),
(404, 'desenv.uneworld', 11, 'une*1020', '', 'S', 'S', '2017-07-07 11:10:00', '2017-07-07 11:10:00', 17),
(405, '050653-1', 39, 'brasil2016', '', 'S', 'S', '2017-07-07 11:10:00', '2017-07-07 11:10:00', 101),
(406, 'vendas03', 1, '150216', 'ID: 37287', 'S', 'S', '2017-07-07 11:10:00', '2017-07-07 11:10:00', 101),
(407, 'SGLAPINSK1', 4, 'une2016fln', '', 'S', 'S', '2017-07-07 11:10:00', '2017-07-07 11:10:00', 101),
(408, 'vendas03uneworld', 11, 'd15m02', '', 'S', 'S', '2017-07-07 11:10:00', '2017-07-07 11:10:00', 101),
(409, 'vendas03', 35, 'd15m02A16', 'Login de rede\r\nDomínio: uneworldvt', 'S', 'S', '2017-07-07 11:10:00', '2017-07-07 11:10:00', 101),
(411, '14635541', 49, 'sglapinskibrl', '', 'S', 'S', '2017-07-07 11:10:00', '2017-07-07 11:10:00', 101),
(412, '14635540', 28, 'sglapinskiusd', '', 'S', 'S', '2017-07-07 11:10:00', '2017-07-07 11:10:00', 101),
(413, '14635539', 27, 'sglapinskieur', '', 'S', 'S', '2017-07-07 11:10:00', '2017-07-07 11:10:00', 101),
(414, '00551037075', 40, '850524', '', 'S', 'S', '2017-07-07 11:10:00', '2017-07-07 11:10:00', 101),
(415, 'vendas03', 5, '150216', 'Empresa: Uneworld Operadora', 'S', 'S', '2017-07-07 11:10:00', '2017-07-07 11:10:00', 101),
(416, 'suelen.glapinski', 9, 'uneworld.1020', '', 'S', 'S', '2017-07-07 11:10:00', '2017-07-07 11:10:00', 101),
(417, 'vendas03@uneworld.com.br', 8, '150216', '', 'S', 'S', '2017-07-07 11:10:00', '2017-07-07 11:10:00', 101),
(418, 'vendas08uneworld', 11, 'd19m02a16', '', 'S', 'S', '2017-07-07 11:10:00', '2017-07-07 11:10:00', 8),
(419, 'operacional01@uneworld.com.br', 66, 'TST-5527z', '', 'S', 'S', '2017-07-07 11:10:00', '2017-07-07 11:10:00', 100),
(420, 'cruz01', 9, 'une,230216', '', 'S', 'S', '2017-07-07 11:10:00', '2017-07-07 11:10:00', 10),
(421, 'cruzeiros01', 6, 'd23m02a16', '', 'S', 'S', '2017-07-07 11:10:00', '2017-07-07 11:10:00', 10),
(422, 'cruz01', 1, '20072016', 'ID: 37287 Entrar com navegador IE', 'S', 'S', '2017-07-07 11:10:00', '2017-07-07 11:10:00', 10),
(423, 'vendas03', 6, '240216', '', 'S', 'S', '2017-07-07 11:10:00', '2017-07-07 11:10:00', 101),
(424, 'vendas03@uneworld.com.br', 7, '240216', '', 'S', 'S', '2017-07-07 11:10:00', '2017-07-07 11:10:00', 101),
(425, 'OPERA02', 1, '170815', 'ID: 37287', 'S', 'S', '2017-07-07 11:10:00', '2017-07-07 11:10:00', 15),
(426, 'lkaster', 67, 'uneworld.leo', '', 'S', 'S', '2017-07-07 11:10:00', '2017-07-07 11:10:00', 100),
(427, 'GHOEHR', 4, 'GRA010204', '', 'S', 'S', '2017-07-07 11:10:00', '2017-07-07 11:10:00', 15),
(428, 'informatica@uneworld.com.br', 34, 'une383!', '', 'S', 'S', '2017-07-07 11:10:00', '2017-07-07 11:10:00', 1),
(429, 'promoserra.uneworld@uneworld.com.br', 63, 'd26m02a16', '', 'S', 'S', '2017-07-07 11:10:00', '2017-07-07 11:10:00', 97),
(430, 'vendas03', 60, 'une*1020', 'Gangooroo', 'S', 'S', '2017-07-07 11:10:00', '2017-07-07 11:10:00', 101),
(431, 'sglapinski', 68, '020316', '', 'S', 'S', '2017-07-07 11:10:00', '2017-07-07 11:10:00', 101),
(432, 'fsaraiva', 68, 'fabian123', '', 'S', 'S', '2017-07-07 11:10:00', '2017-07-07 11:10:00', 5),
(433, 'tsalamone', 68, 'thays123', '', 'S', 'S', '2017-07-07 11:10:00', '2017-07-07 11:10:00', 23),
(434, '', 39, '03feb2016', '', 'S', 'S', '2017-07-07 11:10:00', '2017-07-07 11:10:00', 100),
(435, 'desenv', 69, 'une2010', '', 'S', 'S', '2017-07-07 11:10:00', '2017-07-07 11:10:00', 17),
(436, 'leonardo.santos', 60, '140316', '', 'S', 'S', '2017-07-07 11:10:00', '2017-07-07 11:10:00', 100),
(437, 'operacional02@uneworld.com.br', 7, '17032016', '', 'S', 'S', '2017-07-07 11:10:00', '2017-07-07 11:10:00', 15),
(438, 'vendas03@uneworld.com.br', 70, 'une1020', '', 'S', 'S', '2017-07-07 11:10:00', '2017-07-07 11:10:00', 101),
(439, 'operacional02@uneworld.com.br', 18, '010204', '', 'S', 'S', '2017-07-07 11:10:00', '2017-07-07 11:10:00', 15),
(440, 'svenda03', 15, '220316', '', 'S', 'S', '2017-07-07 11:10:00', '2017-07-07 11:10:00', 101),
(441, 'paulaune', 15, '211081', 'Administrador (Master)', 'S', 'S', '2017-07-07 11:10:00', '2017-07-07 11:10:00', 19),
(442, 'vendas02@uneworld.com.br', 29, 'd29m03a2016', '', 'S', 'S', '2017-07-07 11:10:00', '2017-07-07 11:10:00', 102),
(444, '0581475', 39, 'BRASIL2016', 'PCC: 5L4U', 'S', 'S', '2017-07-07 11:10:00', '2017-07-07 11:10:00', 102),
(445, 'camila.uneworld', 71, 'flycard', '', 'S', 'S', '2017-07-07 11:10:00', '2017-07-07 11:10:00', 9),
(446, 'carla.uneworld', 71, 'flycard', '', 'S', 'S', '2017-07-07 11:10:00', '2017-07-07 11:10:00', 19),
(447, 'cristiane.uneworld', 71, 'flycard', '', 'S', 'S', '2017-07-07 11:10:00', '2017-07-07 11:10:00', 26),
(448, 'daniela.uneworld', 71, 'flycard', '', 'S', 'S', '2017-07-07 11:10:00', '2017-07-07 11:10:00', 12),
(449, 'diuliane.uneworld', 71, 'flycard', '', 'S', 'S', '2017-07-07 11:10:00', '2017-07-07 11:10:00', 10),
(450, 'fabian.uneworld', 71, 'flycard', '', 'S', 'S', '2017-07-07 11:10:00', '2017-07-07 11:10:00', 5),
(451, 'grazieli.uneworld', 71, 'flycard', '', 'S', 'S', '2017-07-07 11:10:00', '2017-07-07 11:10:00', 15),
(452, 'jaqueline.uneworld', 71, 'flycard', '', 'S', 'S', '2017-07-07 11:10:00', '2017-07-07 11:10:00', 3),
(453, 'leonardo.uneworld', 71, 'flycard', '', 'S', 'S', '2017-07-07 11:10:00', '2017-07-07 11:10:00', 100),
(454, 'lilian.uneworld', 71, 'flycard', '', 'S', 'S', '2017-07-07 11:10:00', '2017-07-07 11:10:00', 4),
(455, 'lucia.uneworld', 71, 'flycard', '', 'S', 'S', '2017-07-07 11:10:00', '2017-07-07 11:10:00', 16),
(456, 'maria.uneworld', 71, 'flycard', 'Acesso: Financeiro/Vendas', 'S', 'S', '2017-07-07 11:10:00', '2017-07-07 11:10:00', 20),
(457, 'nathalia.uneworld', 71, 'flycard', '', 'S', 'S', '2017-07-07 11:10:00', '2017-07-07 11:10:00', 7),
(458, 'raquel.uneworld', 71, 'flycard', '', 'S', 'S', '2017-07-07 11:10:00', '2017-07-07 11:10:00', 21),
(459, 'rubens.uneworld', 71, 'flycard', '', 'S', 'S', '2017-07-07 11:10:00', '2017-07-07 11:10:00', 8),
(460, 'sabrina.uneworld', 71, 'flycard', '', 'S', 'S', '2017-07-07 11:10:00', '2017-07-07 11:10:00', 18),
(461, 'thays.uneworld', 71, 'flycard', '', 'S', 'S', '2017-07-07 11:10:00', '2017-07-07 11:10:00', 23),
(462, 'vivian.uneworld', 71, 'flycard', '', 'S', 'S', '2017-07-07 11:10:00', '2017-07-07 11:10:00', 13),
(466, 'lilian.saraiva.uneworld', 11, 'Lilian1204', '', 'S', 'S', '2017-07-07 11:10:00', '2017-07-07 11:10:00', 4),
(468, 'aereo01uneworld', 11, 'd05m04a16', '', 'S', 'S', '2017-07-07 11:10:00', '2017-07-07 11:10:00', 27),
(469, '01393432026', 40, '31052016', '', 'S', 'S', '2017-07-07 11:10:00', '2017-07-07 11:10:00', 102),
(470, 'vendas03@uneworld.com.br', 18, 'une1020', '', 'S', 'S', '2017-07-07 11:10:00', '2017-07-07 11:10:00', 101),
(471, 'operacional02', 60, 'une*1020', '', 'S', 'S', '2017-07-07 11:10:00', '2017-07-07 11:10:00', 15),
(474, 'vendas02', 1, '120416', 'ID: 37287', 'S', 'S', '2017-07-07 11:10:00', '2017-07-07 11:10:00', 102),
(475, '12407321', 72, 'turismo01', 'Senha administrador\r\nOutro Link www.iberoclick.com.br', 'S', 'S', '2017-07-07 11:10:00', '2017-07-07 11:10:00', 5),
(476, '14637277', 27, 'dfernaneur', '', 'S', 'S', '2017-07-07 11:10:00', '2017-07-07 11:10:00', 102),
(477, '14637279', 49, 'dfernanbrl', '', 'S', 'S', '2017-07-07 11:10:00', '2017-07-07 11:10:00', 102),
(478, '14637278', 28, 'dfernanusd', '', 'S', 'S', '2017-07-07 11:10:00', '2017-07-07 11:10:00', 102),
(479, 'desenvolvimento@uneworld.com.br', 73, 'une*2010', 'Para pegar os favoritos e tudo mais Firefox sync', 'S', 'S', '2017-07-07 11:10:00', '2017-07-07 11:10:00', 17),
(480, 'sigu', 74, 'Une!2014*', '', 'S', 'S', '2017-07-07 11:10:00', '2017-07-07 11:10:00', 17),
(481, 'uneworld', 74, 'ptf@Un3w0rld', 'Host: postgresql01.uneworld.com.br', 'S', 'S', '2017-07-07 11:10:00', '2017-07-07 11:10:00', 1),
(482, 'grazi.un', 15, '010204', '', 'S', 'S', '2017-07-07 11:10:00', '2017-07-07 11:10:00', 15),
(483, 'suelen.uneworld', 71, 'flycard', '', 'S', 'S', '2017-07-07 11:10:00', '2017-07-07 11:10:00', 101),
(484, 'vendas07', 14, '25042016', '', 'S', 'S', '2017-07-07 11:10:00', '2017-07-07 11:10:00', 2),
(485, 'vendas02@uneworld.com.br', 16, 'J6Gs6T', 'BRP: 2001012900', 'S', 'S', '2017-07-07 11:10:00', '2017-07-07 11:10:00', 102),
(486, 'vendas01', 72, '26042016', '', 'S', 'S', '2017-07-07 11:10:00', '2017-07-07 11:10:00', 12),
(487, 'operacional01@uneworld.com.br', 18, '874852XQN', '', 'S', 'S', '2017-07-07 11:10:00', '2017-07-07 11:10:00', 100),
(488, 'argusalice', 72, 'd26m04a2016', '', 'S', 'S', '2017-07-07 11:10:00', '2017-07-07 11:10:00', 1),
(489, 'vendas01@uneworld.com.br', 17, 'une1020', 'mudança de senha', 'S', 'S', '2017-07-07 11:10:00', '2017-07-07 11:10:00', 12),
(490, 'asdvasdvasdv', 1, 'asdvasdv', 'asdvasdv', 'S', 'S', '2017-07-07 11:10:00', '2017-07-07 11:10:00', 1),
(491, 'uneworld', 61, 'une1020', 'Gerenciador de senhas\r\nIP: 192.168.0.55', 'S', 'S', '2017-07-07 11:10:00', '2017-07-07 11:10:00', 1),
(492, 'LKASTER', 75, 'MJ3TWDR', 'TIPO DE USUÁRIO: OPERADOR', 'S', 'S', '2017-07-07 11:10:00', '2017-07-07 11:10:00', 100),
(493, 'FABIAN', 1, '020516', 'ID: 37287', 'S', 'S', '2017-07-07 11:10:00', '2017-07-07 11:10:00', 5),
(494, 'operacional02', 72, '010204', '', 'S', 'S', '2017-07-07 11:10:00', '2017-07-07 11:10:00', 15),
(495, 'tarifarios01', 72, 'une1020', '', 'S', 'S', '2017-07-07 11:10:00', '2017-07-07 11:10:00', 13),
(496, 'financeiro01@uneworld.com.br', 76, '09052016', 'Login: Walmart para compras', 'S', 'S', '2017-07-07 11:10:00', '2017-07-07 11:10:00', 20),
(497, 'DFERNAND15', 4, 'DFE07N', '', 'S', 'S', '2017-07-07 11:10:00', '2017-07-07 11:10:00', 102),
(498, 'vendas02', 6, '120516', '', 'S', 'S', '2017-07-07 11:10:00', '2017-07-07 11:10:00', 102),
(499, '00551037075', 13, '11072016', 'Entrar no mínimo uma vez a semana, para não ser bloqueado pela azul.', 'S', 'S', '2017-07-07 11:10:00', '2017-07-07 11:10:00', 101),
(502, 'root', 10, 'l015ZU$', '192.168.0.55 - Gerenciador de Senhas', 'S', 'S', '2017-07-07 11:10:00', '2017-07-07 11:10:00', 1),
(503, 'informatica.uneworld16@gmail.com', 63, 'l015ZU$$', '', 'S', 'S', '2017-07-07 11:10:00', '2017-07-07 11:10:00', 1),
(504, 'admin', 77, 'vivo1245', 'http://192.168.15.1/login.htm\r\nVivo', 'S', 'S', '2017-07-07 11:10:00', '2017-07-07 11:10:00', 1),
(505, 'administrador', 10, 'l015ZU$', '192.168.0.247 - Servidor Impressora Amadeus/Galileo. Servidor Amadeus/Galileo', 'S', 'S', '2017-07-07 11:10:00', '2017-07-07 11:10:00', 1);
INSERT INTO `senhas` (`id`, `login`, `acesso_id`, `pwd`, `obs`, `visualiza`, `global`, `updated_at`, `created_at`, `user_id`) VALUES
(506, 'https://ask.travelport.com/index?page=home&locale=', 39, 'brasil2020', 'Login KarenMarinho HELPDESK GALILEO', 'S', 'S', '2017-07-07 11:10:00', '2017-07-07 11:10:00', 27),
(507, 'kasterl', 78, 'Kaster@345', '', 'S', 'S', '2017-07-07 11:10:00', '2017-07-07 11:10:00', 100),
(508, 'FSaraiva', 78, 'Saraiva@345', '', 'S', 'S', '2017-07-07 11:10:00', '2017-07-07 11:10:00', 5),
(509, 'daiane.uneworld', 71, 'flycard', '', 'S', 'S', '2017-07-07 11:10:00', '2017-07-07 11:10:00', 102),
(510, 'FCarvalho', 78, 'Carvalho@345', '', 'S', 'S', '2017-07-07 11:10:00', '2017-07-07 11:10:00', 2),
(511, 'JSchrammel', 78, 'Schrammel@345', '', 'S', 'S', '2017-07-07 11:10:00', '2017-07-07 11:10:00', 3),
(512, 'SGlapinski', 78, 'Glapinski@345', '', 'S', 'S', '2017-07-07 11:10:00', '2017-07-07 11:10:00', 101),
(513, 'TSalamone', 78, 'Salamone@345', '', 'S', 'S', '2017-07-07 11:10:00', '2017-07-07 11:10:00', 23),
(514, 'NCenteno', 78, 'Centeno@345', '', 'S', 'S', '2017-07-07 11:10:00', '2017-07-07 11:10:00', 7),
(515, 'MGraca', 78, 'Graca@345', '', 'S', 'S', '2017-07-07 11:10:00', '2017-07-07 11:10:00', 20),
(516, 'CAlice', 78, 'Alice@345', '', 'S', 'S', '2017-07-07 11:10:00', '2017-07-07 11:10:00', 26),
(517, 'RRosa', 78, 'Rosa@345', '', 'S', 'S', '2017-07-07 11:10:00', '2017-07-07 11:10:00', 21),
(518, 'SSaraiva', 78, 'Saraiva@345', '', 'S', 'S', '2017-07-07 11:10:00', '2017-07-07 11:10:00', 18),
(519, 'LilianS', 78, 'Saraiva@345', '', 'S', 'S', '2017-07-07 11:10:00', '2017-07-07 11:10:00', 4),
(520, 'DRegina', 78, 'Regina@345', '', 'S', 'S', '2017-07-07 11:10:00', '2017-07-07 11:10:00', 102),
(521, 'GHoehr', 78, 'Hoehr@345', '', 'S', 'S', '2017-07-07 11:10:00', '2017-07-07 11:10:00', 15),
(522, 'DUlhoa', 78, 'Ulhoa@345', '', 'S', 'S', '2017-07-07 11:10:00', '2017-07-07 11:10:00', 12),
(523, 'RHuff', 78, 'Huff@345', '', 'S', 'S', '2017-07-07 11:10:00', '2017-07-07 11:10:00', 8),
(525, 'admin', 79, '', 'Não tem senha', 'S', 'S', '2017-07-07 11:10:00', '2017-07-07 11:10:00', 1),
(526, 'vendas02', 60, '03062016', '', 'S', 'S', '2017-07-07 11:10:00', '2017-07-07 11:10:00', 102),
(527, 'vendas02uneworld', 11, 'd03m06a2016', '', 'S', 'S', '2017-07-07 11:10:00', '2017-07-07 11:10:00', 102),
(528, 'ftpsigu', 61, 'une383', 'FTP servidor de teste web sigu 192.168.0.253', 'S', 'S', '2017-07-07 11:10:00', '2017-07-07 11:10:00', 1),
(529, 'UNE', 84, 'UNE', 'Clicar em: AGENT LOGIN', 'S', 'S', '2017-07-07 11:10:00', '2017-07-07 11:10:00', 100),
(530, 'sigu', 10, 'Une!2014*', 'Usuário postgres utiliza mesma senha, servidor de testes DB\r\nIP: 192.168.0.252 DB teste Sigu', 'S', 'S', '2017-07-07 11:10:00', '2017-07-07 11:10:00', 1),
(531, 'desenvolvimento@uneworld.com.br', 81, 'une2010', 'Braspag Tasker', 'S', 'S', '2017-07-07 11:10:00', '2017-07-07 11:10:00', 17),
(532, 'tarifarios01', 14, '160616', '', 'S', 'S', '2017-07-07 11:10:00', '2017-07-07 11:10:00', 13),
(533, 'promocao03uneworld', 11, 'd20m06a16', '', 'S', 'S', '2017-07-07 11:10:00', '2017-07-07 11:10:00', 96),
(534, 'vendas03', 45, 'd20m06a16', 'Clave: 2041080', 'S', 'S', '2017-07-07 11:10:00', '2017-07-07 11:10:00', 101),
(535, 'uneworld_leonardo', 60, 'uneworld2014', 'Documentação do WS Cang\r\nhttp://doc.cangooroo.net/', 'S', 'S', '2017-07-07 11:10:00', '2017-07-07 11:10:00', 17),
(536, 'financeiro@uneworld.com.br', 7, 'Mgraca16', '', 'S', 'S', '2017-07-07 11:10:00', '2017-07-07 11:10:00', 20),
(537, 'TARI', 1, '270616', 'ID: 37287, Entrar com Internet Explorer', 'S', 'S', '2017-07-07 11:10:00', '2017-07-07 11:10:00', 13),
(538, 'tarifarios@uneworld.com.br', 7, 'Tarifarios2016', '', 'S', 'S', '2017-07-07 11:10:00', '2017-07-07 11:10:00', 13),
(539, 'lilian@uneworld.com.br', 82, 'd24m04', '', 'S', 'S', '2017-07-07 11:10:00', '2017-07-07 11:10:00', 4),
(540, 'lkaster', 83, 'jonview', 'única para todos', 'S', 'S', '2017-07-07 11:10:00', '2017-07-07 11:10:00', 100),
(541, 'une', 84, 'une', '', 'S', 'S', '2017-07-07 11:10:00', '2017-07-07 11:10:00', 4),
(542, 'LiliaSa', 85, 'Sa556741', '', 'S', 'S', '2017-07-07 11:10:00', '2017-07-07 11:10:00', 4),
(543, 'Grazieli hoehr', 86, 'Grazieli666*', 'www.allrepsreceptivo.com', 'S', 'S', '2017-07-07 11:10:00', '2017-07-07 11:10:00', 15),
(544, 'uneworld 01', 87, 'uneworld1', '', 'S', 'S', '2017-07-07 11:10:00', '2017-07-07 11:10:00', 4),
(545, 'informatica@uneworld.com.br', 88, 'Jonathan123', '', 'S', 'S', '2017-07-07 11:10:00', '2017-07-07 11:10:00', 1),
(546, 'lilian@uneworld.com.br', 89, 'lilian', 'Solicitar senha para: monica.riverol@abtour.com.br', 'S', 'S', '2017-07-07 11:10:00', '2017-07-07 11:10:00', 4),
(547, 'informatica@uneworld.com.br', 89, 'informatica', '', 'S', 'S', '2017-07-07 11:10:00', '2017-07-07 11:10:00', 1),
(548, 'Grazieli hoehr', 86, 'Grazieli666*', 'www.allrepsreceptivo.com', 'S', 'S', '2017-07-07 11:10:00', '2017-07-07 11:10:00', 4),
(549, 'tarifarios@uneworld.com.br', 89, 'Grazieli123', '', 'S', 'S', '2017-07-07 11:10:00', '2017-07-07 11:10:00', 15),
(550, 'tarifarios', 9, 'D29m06a2016', '', 'S', 'S', '2017-07-07 11:10:00', '2017-07-07 11:10:00', 13),
(551, 'JaquelineS', 85, 'Js123456', '', 'S', 'S', '2017-07-07 11:10:00', '2017-07-07 11:10:00', 3),
(552, 'FlaviaC', 85, 'Fc123456', '', 'S', 'S', '2017-07-07 11:10:00', '2017-07-07 11:10:00', 2),
(553, 'RubensH', 85, 'Rh123456', '', 'S', 'S', '2017-07-07 11:10:00', '2017-07-07 11:10:00', 8),
(554, 'NathaliaC', 85, 'Nc123456', '', 'S', 'S', '2017-07-07 11:10:00', '2017-07-07 11:10:00', 7),
(555, 'DaianeF', 85, 'Df123456', '', 'S', 'S', '2017-07-07 11:10:00', '2017-07-07 11:10:00', 102),
(556, 'SuelenG', 85, 'Sg123456', '', 'S', 'S', '2017-07-07 11:10:00', '2017-07-07 11:10:00', 101),
(557, 'CamilaP', 85, 'Cp123456 ', '', 'S', 'S', '2017-07-07 11:10:00', '2017-07-07 11:10:00', 9),
(558, 'LeonardoK', 85, 'Lk123456', '', 'S', 'S', '2017-07-07 11:10:00', '2017-07-07 11:10:00', 100),
(559, 'MDAGS', 90, 'fina2906', 'Retirar faturas ETAM', 'S', 'S', '2017-07-07 11:10:00', '2017-07-07 11:10:00', 20),
(562, 'FIN4856UN', 64, 'une020516', '', 'S', 'S', '2017-07-07 11:10:00', '2017-07-07 11:10:00', 27),
(563, '92720706000', 13, 'D01M07A2016', 'Entrar uma vez na semana, caso contrário login é bloqueado.', 'S', 'S', '2017-07-07 11:10:00', '2017-07-07 11:10:00', 5),
(564, '95455132091', 40, '01072016', '', 'S', 'S', '2017-07-07 11:10:00', '2017-07-07 11:10:00', 10),
(565, 'LiliaSa', 85, 'Sa556741', 'Senha Lilian', 'S', 'S', '2017-07-07 11:10:00', '2017-07-07 11:10:00', 20),
(566, 'uneworld01', 87, 'uneworld1', 'Senha Lilian', 'S', 'S', '2017-07-07 11:10:00', '2017-07-07 11:10:00', 20),
(567, 'uneworld3', 56, 'bd4t3st20i4', 'Dicas do site\r\nHost: mysql01.uneworld.com.br', 'S', 'S', '2017-07-07 11:10:00', '2017-07-07 11:10:00', 1),
(568, '01101624043', 13, '06072016', 'Entrar uma vez na semana, caso contrário login é bloqueado.', 'S', 'S', '2017-07-07 11:10:00', '2017-07-07 11:10:00', 15),
(569, 'cruzeiros01uneworld', 11, 'd06m07a2016', '', 'S', 'S', '2017-07-07 11:10:00', '2017-07-07 11:10:00', 10),
(570, 'uneworld', 91, 'Une102030', '', 'S', 'S', '2017-07-07 11:10:00', '2017-07-07 11:10:00', 10),
(571, 'lilian@uneworld.com.br', 7, 'Lilian383', '', 'S', 'S', '2017-07-07 11:10:00', '2017-07-07 11:10:00', 4),
(572, 'angelatiaiara', 72, '101167', 'Login de agencia', 'S', 'S', '2017-07-07 11:10:00', '2017-07-07 11:10:00', 1),
(573, 'renatatiaiara', 72, '100172', 'Login de agencia', 'S', 'S', '2017-07-07 11:10:00', '2017-07-07 11:10:00', 1),
(574, 'marilenetiaiara', 72, '200465', 'Login de agencia', 'S', 'S', '2017-07-07 11:10:00', '2017-07-07 11:10:00', 1),
(575, 'rosimeritiaiara', 72, '200960', 'Login de agencia', 'S', 'S', '2017-07-07 11:10:00', '2017-07-07 11:10:00', 1),
(576, 'lucianatiaiara', 72, '090371', 'Login de agencia', 'S', 'S', '2017-07-07 11:10:00', '2017-07-07 11:10:00', 1),
(577, 'taniatiaiara', 72, '270361', 'Login de agencia', 'S', 'S', '2017-07-07 11:10:00', '2017-07-07 11:10:00', 1),
(578, 'vendas07uneworld', 11, 'une*1020', '', 'S', 'S', '2017-07-07 11:10:00', '2017-07-07 11:10:00', 2),
(579, 'fabian.uneworld', 92, 'Uneworld1020', 'Qualquer liberação e/ou alteração de login e senha são feitas pela Agência de Viagem.\r\nEm caso de dú', 'S', 'S', '2017-07-07 11:10:00', '2017-07-07 11:10:00', 5),
(580, '01630331023', 93, 'D12m07@16', 'Novo Portal', 'S', 'S', '2017-07-07 11:10:00', '2017-07-07 11:10:00', 9),
(581, 'lisi.une', 15, 'uw20i5', 'Portal Antigo April Brasil', 'S', 'S', '2017-07-07 11:10:00', '2017-07-07 11:10:00', 9),
(582, 'aereo01@uneworld.com.br', 94, 'une1020', '', 'S', 'S', '2017-07-07 11:10:00', '2017-07-07 11:10:00', 27),
(583, 'grupos01', 92, 'Nc010584', '', 'S', 'S', '2017-07-07 11:10:00', '2017-07-07 11:10:00', 7),
(584, 'aereo01', 92, 'Brasil2020', '', 'S', 'S', '2017-07-07 11:10:00', '2017-07-07 11:10:00', 27),
(585, 'financeiro', 92, 'Geri1942', '', 'S', 'S', '2017-07-07 11:10:00', '2017-07-07 11:10:00', 20),
(587, 'grupos', 60, '220716', '', 'S', 'S', '2017-07-07 11:10:00', '2017-07-07 11:10:00', 7),
(588, 'RPrates', 78, 'D22m07@2016', '', 'S', 'S', '2017-07-07 11:10:00', '2017-07-07 11:10:00', 10),
(589, 'admin', 1, 'l015ZU$', '	ID: 37287 Entrar com navegador IE', 'S', 'S', '2017-07-07 11:10:00', '2017-07-07 11:10:00', 20),
(590, 'francyne.lago', 95, 'Francyne2017!', '', 'S', 'S', '2017-07-07 11:10:00', '2017-07-07 11:10:00', 13),
(591, 'Operacionaluneworld', 96, 'Uneworld2017', 'Company ID: 1321495 ', 'S', 'S', '2017-07-07 11:10:00', '2017-07-07 11:10:00', 100),
(592, 'lilian@uneworld.com.br', 97, 'rvw4az', '', 'S', 'S', '2017-07-07 11:10:00', '2017-07-07 11:10:00', 4),
(593, 'lsaraiva', 98, 'uneworld.lilian', '', 'S', 'S', '2017-07-07 11:10:00', '2017-07-07 11:10:00', 4),
(594, 'OPERA05', 1, 'd04m07a17', 'ID: 37287 Entrar com navegador IE', 'S', 'S', '2017-07-07 11:10:00', '2017-07-07 11:10:00', 14),
(596, 'usuarios', 19, 'd04m07a17', 'Agencia: 2865, Oficina: 030', 'S', 'S', '2017-07-07 11:10:00', '2017-07-07 11:10:00', 13),
(597, 'tarifarios01', 45, 'd02m05a17', 'Clave: 2041080', 'S', 'S', '2017-07-07 11:10:00', '2017-07-07 11:10:00', 13);

-- --------------------------------------------------------

--
-- Estrutura da tabela `tipo`
--

CREATE TABLE IF NOT EXISTS `tipo` (
  `id` int(2) NOT NULL,
  `tipo` varchar(45) DEFAULT NULL,
  PRIMARY KEY (`id`)
) ENGINE=InnoDB DEFAULT CHARSET=latin1;

-- --------------------------------------------------------

--
-- Estrutura da tabela `user`
--

CREATE TABLE IF NOT EXISTS `user` (
  `id` int(2) NOT NULL AUTO_INCREMENT,
  `name` varchar(255) DEFAULT NULL,
  `email` varchar(255) DEFAULT NULL,
  `password` varchar(255) DEFAULT NULL,
  `ativo` char(1) DEFAULT NULL,
  `remember_token` varchar(100) DEFAULT NULL,
  `created_at` timestamp NULL DEFAULT NULL,
  `updated_at` timestamp NULL DEFAULT NULL,
  `tipo` int(1) DEFAULT NULL,
  `oidsigu` varchar(11) DEFAULT NULL,
  `departamento` int(1) DEFAULT NULL,
  PRIMARY KEY (`id`)
) ENGINE=InnoDB  DEFAULT CHARSET=latin1 AUTO_INCREMENT=108 ;

--
-- Extraindo dados da tabela `user`
--

INSERT INTO `user` (`id`, `name`, `email`, `password`, `ativo`, `remember_token`, `created_at`, `updated_at`, `tipo`, `oidsigu`, `departamento`) VALUES
(1, 'Jonathan Cruz', 'informatica@uneworld.com.br', '$2y$10$2MkhXi972aO3LVpylW6/9.i2s7A18OmPaJL5y2KS2/heXvHMQT4bm', 'S', NULL, '2017-07-07 14:00:00', '2017-07-07 14:00:00', 1, NULL, NULL),
(2, 'Cassia', 'vendas07@uneworld.com.br', '$2y$10$2MkhXi972aO3LVpylW6/9.i2s7A18OmPaJL5y2KS2/heXvHMQT4bm', 'S', NULL, '2017-07-07 14:00:00', '2017-07-07 14:00:00', 2, NULL, NULL),
(3, 'Jaqueline Schrammel', 'vendas06@uneworld.com.br', '$2y$10$2MkhXi972aO3LVpylW6/9.i2s7A18OmPaJL5y2KS2/heXvHMQT4bm', 'S', NULL, '2017-07-07 14:00:00', '2017-07-07 14:00:00', 2, NULL, NULL),
(4, 'Lilian Saraiva', 'lilian@uneworld.com.br', '$2y$10$2MkhXi972aO3LVpylW6/9.i2s7A18OmPaJL5y2KS2/heXvHMQT4bm', 'S', NULL, '2017-07-07 14:00:00', '2017-07-07 14:00:00', 2, NULL, NULL),
(5, 'Fabian Saraiva', 'fabian@uneworld.com.br', '$2y$10$2MkhXi972aO3LVpylW6/9.i2s7A18OmPaJL5y2KS2/heXvHMQT4bm', 'S', NULL, '2017-07-07 14:00:00', '2017-07-07 14:00:00', 2, NULL, NULL),
(6, 'Ewerton ', 'cruzeiros02@uneworld.com.br', '$2y$10$2MkhXi972aO3LVpylW6/9.i2s7A18OmPaJL5y2KS2/heXvHMQT4bm', 'S', NULL, '2017-07-07 14:00:00', '2017-07-07 14:00:00', 2, NULL, NULL),
(7, 'grupos01', 'grupos01', '$2y$10$2MkhXi972aO3LVpylW6/9.i2s7A18OmPaJL5y2KS2/heXvHMQT4bm', 'S', NULL, '2017-07-07 14:00:00', '2017-07-07 14:00:00', 2, NULL, NULL),
(8, 'Rubens Huff', 'vendas08@uneworld.com.br', '$2y$10$2MkhXi972aO3LVpylW6/9.i2s7A18OmPaJL5y2KS2/heXvHMQT4bm', 'S', NULL, '2017-07-07 14:00:00', '2017-07-07 14:00:00', 2, NULL, NULL),
(9, 'Camila Prux', 'operacional04', '$2y$10$2MkhXi972aO3LVpylW6/9.i2s7A18OmPaJL5y2KS2/heXvHMQT4bm', 'S', NULL, '2017-07-07 14:00:00', '2017-07-07 14:00:00', 2, NULL, NULL),
(10, 'cruzeiros01', 'cruzeiros01@uneworld.com.br', '$2y$10$2MkhXi972aO3LVpylW6/9.i2s7A18OmPaJL5y2KS2/heXvHMQT4bm', 'S', NULL, '2017-07-07 14:00:00', '2017-07-07 14:00:00', 2, NULL, NULL),
(11, 'Silvane Azevedo', 'silvane.coris', '$2y$10$2MkhXi972aO3LVpylW6/9.i2s7A18OmPaJL5y2KS2/heXvHMQT4bm', 'S', NULL, '2017-07-07 14:00:00', '2017-07-07 14:00:00', 2, NULL, NULL),
(12, 'Daniela Ulhoa', 'vendas01@uneworld.com.br', '$2y$10$2MkhXi972aO3LVpylW6/9.i2s7A18OmPaJL5y2KS2/heXvHMQT4bm', 'S', NULL, '2017-07-07 14:00:00', '2017-07-07 14:00:00', 2, NULL, NULL),
(13, 'Francyne Lago', 'tarifarios@uneworld.com.br', '$2y$10$2MkhXi972aO3LVpylW6/9.i2s7A18OmPaJL5y2KS2/heXvHMQT4bm', 'S', NULL, '2017-07-07 14:00:00', '2017-07-07 14:00:00', 2, NULL, NULL),
(14, 'operacional05', 'operacional05@uneworld.com.br', '$2y$10$2MkhXi972aO3LVpylW6/9.i2s7A18OmPaJL5y2KS2/heXvHMQT4bm', 'S', NULL, '2017-07-07 14:00:00', '2017-07-07 14:00:00', 2, NULL, NULL),
(15, 'Grazieli Hoehr', 'operacional02', '$2y$10$2MkhXi972aO3LVpylW6/9.i2s7A18OmPaJL5y2KS2/heXvHMQT4bm', 'S', NULL, '2017-07-07 14:00:00', '2017-07-07 14:00:00', 2, NULL, NULL),
(16, 'Lucia Marlene Paula', 'atendimento01@uneworld.com.br', '$2y$10$2MkhXi972aO3LVpylW6/9.i2s7A18OmPaJL5y2KS2/heXvHMQT4bm', 'S', NULL, '2017-07-07 14:00:00', '2017-07-07 14:00:00', 2, NULL, NULL),
(17, 'Leonardo Danieli', 'desenvolvimento@uneworld.com.br', '$2y$10$2MkhXi972aO3LVpylW6/9.i2s7A18OmPaJL5y2KS2/heXvHMQT4bm', 'S', NULL, '2017-07-07 14:00:00', '2017-07-07 14:00:00', 2, NULL, NULL),
(18, 'Sabrina Saraiva', 'sabrina@uneworld.com.br', '$2y$10$2MkhXi972aO3LVpylW6/9.i2s7A18OmPaJL5y2KS2/heXvHMQT4bm', 'S', NULL, '2017-07-07 14:00:00', '2017-07-07 14:00:00', 2, NULL, NULL),
(19, 'Carla Ohana', 'rh01@uneworld.com.br', '$2y$10$2MkhXi972aO3LVpylW6/9.i2s7A18OmPaJL5y2KS2/heXvHMQT4bm', 'S', NULL, '2017-07-07 14:00:00', '2017-07-07 14:00:00', 2, NULL, NULL),
(20, 'Maria da Graca', 'financeiro01@uneworld.com.br', '$2y$10$2MkhXi972aO3LVpylW6/9.i2s7A18OmPaJL5y2KS2/heXvHMQT4bm', 'S', NULL, '2017-07-07 14:00:00', '2017-07-07 14:00:00', 2, NULL, NULL),
(21, 'Raquel Rosa', 'financeiro04@uneworld.com.br', '$2y$10$2MkhXi972aO3LVpylW6/9.i2s7A18OmPaJL5y2KS2/heXvHMQT4bm', 'S', NULL, '2017-07-07 14:00:00', '2017-07-07 14:00:00', 2, NULL, NULL),
(22, 'Mariane Goncalves', 'marketing@uneworld.com.br', '$2y$10$2MkhXi972aO3LVpylW6/9.i2s7A18OmPaJL5y2KS2/heXvHMQT4bm', 'S', NULL, '2017-07-07 14:00:00', '2017-07-07 14:00:00', 2, NULL, NULL),
(23, 'Thays Salamone', 'vendas09', '$2y$10$2MkhXi972aO3LVpylW6/9.i2s7A18OmPaJL5y2KS2/heXvHMQT4bm', 'S', NULL, '2017-07-07 14:00:00', '2017-07-07 14:00:00', 2, NULL, NULL),
(24, 'Operacional07', 'operacional07@uneworld.com.br', '$2y$10$2MkhXi972aO3LVpylW6/9.i2s7A18OmPaJL5y2KS2/heXvHMQT4bm', 'S', NULL, '2017-07-07 14:00:00', '2017-07-07 14:00:00', 2, NULL, NULL),
(25, 'Celio Saraiva', 'csaraiva@uneworld.com.br', '$2y$10$2MkhXi972aO3LVpylW6/9.i2s7A18OmPaJL5y2KS2/heXvHMQT4bm', 'S', NULL, '2017-07-07 14:00:00', '2017-07-07 14:00:00', 2, NULL, NULL),
(26, 'Cristiane Alice da Silva', 'financeiro02', '$2y$10$2MkhXi972aO3LVpylW6/9.i2s7A18OmPaJL5y2KS2/heXvHMQT4bm', 'S', NULL, '2017-07-07 14:00:00', '2017-07-07 14:00:00', 2, NULL, NULL),
(27, 'Aereo01', 'aereo01@uneworld.com.br', '$2y$10$2MkhXi972aO3LVpylW6/9.i2s7A18OmPaJL5y2KS2/heXvHMQT4bm', 'S', NULL, '2017-07-07 14:00:00', '2017-07-07 14:00:00', 2, NULL, NULL),
(96, 'Andrea', 'promocao03@uneworld.com.br', '$2y$10$2MkhXi972aO3LVpylW6/9.i2s7A18OmPaJL5y2KS2/heXvHMQT4bm', 'S', NULL, '2017-07-07 14:00:00', '2017-07-07 14:00:00', 2, NULL, NULL),
(97, 'Vander', 'promoserra@uneworld.com.br', '$2y$10$2MkhXi972aO3LVpylW6/9.i2s7A18OmPaJL5y2KS2/heXvHMQT4bm', 'S', NULL, '2017-07-07 14:00:00', '2017-07-07 14:00:00', 2, NULL, NULL),
(98, 'Danuza Mikalovcz', 'danuza.mikalovcz@april.com', '$2y$10$2MkhXi972aO3LVpylW6/9.i2s7A18OmPaJL5y2KS2/heXvHMQT4bm', 'S', NULL, '2017-07-07 14:00:00', '2017-07-07 14:00:00', 2, NULL, NULL),
(99, 'Rogerio ', 'paulo.amaro@april.com', '$2y$10$2MkhXi972aO3LVpylW6/9.i2s7A18OmPaJL5y2KS2/heXvHMQT4bm', 'S', NULL, '2017-07-07 14:00:00', '2017-07-07 14:00:00', 2, NULL, NULL),
(100, 'Operacional01', 'operacional01', '$2y$10$2MkhXi972aO3LVpylW6/9.i2s7A18OmPaJL5y2KS2/heXvHMQT4bm', 'S', NULL, '2017-07-07 14:00:00', '2017-07-07 14:00:00', 2, NULL, NULL),
(101, 'vendas03', 'vendas03@uneworld.com.br', '$2y$10$2MkhXi972aO3LVpylW6/9.i2s7A18OmPaJL5y2KS2/heXvHMQT4bm', 'S', NULL, '2017-07-07 14:00:00', '2017-07-07 14:00:00', 2, NULL, NULL),
(102, 'vendas02', 'vendas02@uneworld.com.br', '$2y$10$2MkhXi972aO3LVpylW6/9.i2s7A18OmPaJL5y2KS2/heXvHMQT4bm', 'S', NULL, '2017-07-07 14:00:00', '2017-07-07 14:00:00', 2, NULL, NULL);

-- --------------------------------------------------------

--
-- Estrutura da tabela `users`
--

CREATE TABLE IF NOT EXISTS `users` (
  `id` int(10) unsigned NOT NULL AUTO_INCREMENT,
  `name` varchar(255) CHARACTER SET utf8mb4 COLLATE utf8mb4_unicode_ci NOT NULL,
  `email` varchar(255) CHARACTER SET utf8mb4 COLLATE utf8mb4_unicode_ci NOT NULL,
  `password` varchar(255) CHARACTER SET utf8mb4 COLLATE utf8mb4_unicode_ci NOT NULL,
  `remember_token` varchar(100) CHARACTER SET utf8mb4 COLLATE utf8mb4_unicode_ci DEFAULT NULL,
  `created_at` timestamp NULL DEFAULT NULL,
  `updated_at` timestamp NULL DEFAULT NULL,
  `tipo` int(1) DEFAULT NULL,
  PRIMARY KEY (`id`)
) ENGINE=InnoDB  DEFAULT CHARSET=latin1 AUTO_INCREMENT=4 ;

--
-- Restrições para as tabelas dumpadas
--

--
-- Restrições para a tabela `chamados`
--
ALTER TABLE `chamados`
  ADD CONSTRAINT `fk_chamados_tipo1` FOREIGN KEY (`tipo_id`) REFERENCES `tipo` (`id`) ON DELETE NO ACTION ON UPDATE NO ACTION,
  ADD CONSTRAINT `fk_chamados_user1` FOREIGN KEY (`user_id`) REFERENCES `user` (`id`) ON DELETE NO ACTION ON UPDATE NO ACTION;

--
-- Restrições para a tabela `descricao_chamados`
--
ALTER TABLE `descricao_chamados`
  ADD CONSTRAINT `fk_descricao_chamados_chamados1` FOREIGN KEY (`chamados_id`) REFERENCES `chamados` (`id`) ON DELETE NO ACTION ON UPDATE NO ACTION;

--
-- Restrições para a tabela `senhas`
--
ALTER TABLE `senhas`
  ADD CONSTRAINT `fk_senhauser_user1` FOREIGN KEY (`user_id`) REFERENCES `user` (`id`) ON DELETE NO ACTION ON UPDATE NO ACTION,
  ADD CONSTRAINT `senha_acesso` FOREIGN KEY (`acesso_id`) REFERENCES `acessos` (`id`);

/*!40101 SET CHARACTER_SET_CLIENT=@OLD_CHARACTER_SET_CLIENT */;
/*!40101 SET CHARACTER_SET_RESULTS=@OLD_CHARACTER_SET_RESULTS */;
/*!40101 SET COLLATION_CONNECTION=@OLD_COLLATION_CONNECTION */;
